nro;nro_f;uniorcam;janeiro;fevereiro;marco;abril;maio;junho;julho;agosto;setembro;outubro;novembro;dezembro;meta1bim;meta2bim;meta3bim;meta4bim;meta5bim;meta6bim;cp;rv
10000000000000000000;1.0.0.0.00.0.0.00.00.00;201;2.680.739,45;2.190.843,01;2.167.592,89;2.676.002,71;2.771.313,52;3.140.292,89;2.662.634,69;2.050.533,85;2.412.018,70;2.579.915,12;0,00;0,00;4.850.636,60;4.832.247,70;5.097.980,42;5.702.666,93;4.420.906,08;5.899.553,49;0;0
11000000000000000000;1.1.0.0.00.0.0.00.00.00;201;224.040,20;116.345,49;159.805,18;199.387,42;277.167,93;755.501,92;225.493,07;115.963,01;209.507,32;108.719,90;0,00;0,00;344.300,68;429.773,54;633.597,77;628.386,83;362.990,28;422.559,67;0;0
11100000000000000000;1.1.1.0.00.0.0.00.00.00;201;222.184,93;111.011,83;154.307,07;195.242,01;272.069,25;749.957,55;220.143,85;109.127,08;185.463,16;100.864,81;0,00;0,00;337.462,66;422.935,52;626.759,75;621.548,81;356.152,26;415.721,64;0;0
11130000000000000000;1.1.1.3.00.0.0.00.00.00;201;58.949,50;43.712,05;48.368,68;45.525,27;68.834,48;45.051,37;48.476,99;44.274,23;45.745,99;46.200,09;0,00;0,00;101.186,78;101.186,78;101.186,78;101.186,78;101.186,78;151.780,04;0;0
11130300000000000000;1.1.1.3.03.0.0.00.00.00;201;58.949,50;43.712,05;48.368,68;45.525,27;68.834,48;45.051,37;48.476,99;44.274,23;45.745,99;46.200,09;0,00;0,00;101.186,78;101.186,78;101.186,78;101.186,78;101.186,78;151.780,04;0;0
11130310000000000000;1.1.1.3.03.1.0.00.00.00;201;58.949,50;43.712,05;48.368,68;45.525,27;43.735,95;45.051,37;44.077,77;44.274,23;45.745,99;46.200,09;0,00;0,00;101.186,78;101.186,78;101.186,78;101.186,78;101.186,78;151.780,04;0;0
11130311000000000000;1.1.1.3.03.1.1.00.00.00;201;58.949,50;43.712,05;48.368,68;45.525,27;43.735,95;45.051,37;44.077,77;44.274,23;45.745,99;46.200,09;0,00;0,00;101.186,78;101.186,78;101.186,78;101.186,78;101.186,78;151.780,04;0;0
11130311010000000000;1.1.1.3.03.1.1.01.00.00;201;48.090,99;35.743,75;35.325,86;35.098,87;35.095,62;36.663,92;35.674,83;35.467,10;37.135,68;35.930,07;0,00;0,00;86.152,32;86.152,32;86.152,32;86.152,32;86.152,32;129.228,45;0;0
11130311010100000000;1.1.1.3.03.1.1.01.01.00;201;28.854,59;21.446,25;21.195,51;21.059,32;21.057,37;21.998,35;21.404,90;21.280,25;22.281,41;21.558,04;0,00;0,00;51.691,40;51.691,40;51.691,40;51.691,40;51.691,40;77.537,03;0;1
11130311010200000000;1.1.1.3.03.1.1.01.02.00;201;12.022,75;8.935,94;8.831,47;8.774,72;8.773,91;9.165,98;8.918,71;8.866,78;9.283,92;8.982,52;0,00;0,00;21.538,08;21.538,08;21.538,08;21.538,08;21.538,08;32.307,11;0;20
11130311010300000000;1.1.1.3.03.1.1.01.03.00;201;7.213,65;5.361,56;5.298,88;5.264,83;5.264,34;5.499,59;5.351,22;5.320,07;5.570,35;5.389,51;0,00;0,00;12.922,84;12.922,84;12.922,84;12.922,84;12.922,84;19.384,31;0;40
11130311020000000000;1.1.1.3.03.1.1.02.00.00;201;5.122,16;3.180,85;2.606,81;5.002,04;2.690,92;2.438,04;2.453,53;2.857,72;2.660,90;2.690,91;0,00;0,00;6.321,68;6.321,68;6.321,68;6.321,68;6.321,68;9.482,48;0;0
11130311020100000000;1.1.1.3.03.1.1.02.01.00;201;3.073,30;1.908,51;1.564,09;3.001,22;1.614,55;1.462,82;1.472,12;1.714,63;1.596,53;1.614,54;0,00;0,00;3.793,00;3.793,00;3.793,00;3.793,00;3.793,00;5.689,53;0;1
11130311020200000000;1.1.1.3.03.1.1.02.02.00;201;1.280,54;795,21;651,70;1.250,51;672,73;609,51;613,38;714,43;665,23;672,73;0,00;0,00;1.580,42;1.580,42;1.580,42;1.580,42;1.580,42;2.370,62;0;20
11130311020300000000;1.1.1.3.03.1.1.02.03.00;201;768,32;477,13;391,02;750,31;403,64;365,71;368,03;428,66;399,14;403,64;0,00;0,00;948,26;948,26;948,26;948,26;948,26;1.422,33;0;40
11130311030000000000;1.1.1.3.03.1.1.03.00.00;201;5.736,35;4.787,45;10.436,01;5.424,36;5.949,41;5.949,41;5.949,41;5.949,41;5.949,41;7.579,11;0,00;0,00;8.712,78;8.712,78;8.712,78;8.712,78;8.712,78;13.069,11;0;0
11130311030100000000;1.1.1.3.03.1.1.03.01.00;201;3.441,81;2.872,47;6.261,61;3.254,62;3.569,65;3.569,65;3.569,65;3.569,65;3.569,65;4.547,46;0,00;0,00;5.227,66;5.227,66;5.227,66;5.227,66;5.227,66;7.841,51;0;1
11130311030200000000;1.1.1.3.03.1.1.03.02.00;201;1.434,09;1.196,86;2.609,00;1.356,09;1.487,35;1.487,35;1.487,35;1.487,35;1.487,35;1.894,78;0,00;0,00;2.178,20;2.178,20;2.178,20;2.178,20;2.178,20;3.267,25;0;20
11130311030300000000;1.1.1.3.03.1.1.03.03.00;201;860,45;718,12;1.565,40;813,65;892,41;892,41;892,41;892,41;892,41;1.136,87;0,00;0,00;1.306,92;1.306,92;1.306,92;1.306,92;1.306,92;1.960,35;0;40
11130340000000000000;1.1.1.3.03.4.0.00.00.00;201;0,00;0,00;0,00;0,00;25.098,53;0,00;4.399,22;0,00;0,00;0,00;0,00;0,00;0,00;0,00;0,00;0,00;0,00;0,00;0;0
11130341000000000000;1.1.1.3.03.4.1.00.00.00;201;0,00;0,00;0,00;0,00;25.098,53;0,00;4.399,22;0,00;0,00;0,00;0,00;0,00;0,00;0,00;0,00;0,00;0,00;0,00;0;0
11130341010000000000;1.1.1.3.03.4.1.01.00.00;201;0,00;0,00;0,00;0,00;25.098,53;0,00;4.399,22;0,00;0,00;0,00;0,00;0,00;0,00;0,00;0,00;0,00;0,00;0,00;0;0
11130341010100000000;1.1.1.3.03.4.1.01.01.00;201;0,00;0,00;0,00;0,00;15.059,12;0,00;2.639,51;0,00;0,00;0,00;0,00;0,00;0,00;0,00;0,00;0,00;0,00;0,00;0;1
11130341010200000000;1.1.1.3.03.4.1.01.02.00;201;0,00;0,00;0,00;0,00;6.274,63;0,00;1.099,82;0,00;0,00;0,00;0,00;0,00;0,00;0,00;0,00;0,00;0,00;0,00;0;20
11130341010300000000;1.1.1.3.03.4.1.01.03.00;201;0,00;0,00;0,00;0,00;3.764,78;0,00;659,89;0,00;0,00;0,00;0,00;0,00;0,00;0,00;0,00;0,00;0,00;0,00;0;40
11180000000000000000;1.1.1.8.00.0.0.00.00.00;201;163.235,43;67.299,78;105.938,39;149.716,74;203.234,77;704.906,18;171.666,86;64.852,85;139.717,17;54.664,72;0,00;0,00;236.275,88;321.748,74;525.572,97;520.362,03;254.965,48;263.941,60;0;0
11180100000000000000;1.1.1.8.01.0.0.00.00.00;201;135.484,15;44.137,73;77.728,02;119.351,76;171.211,75;678.293,86;146.008,45;36.569,58;97.656,90;21.057,65;0,00;0,00;182.497,12;267.969,98;471.794,21;466.583,27;201.186,72;210.162,88;0;0
11180110000000000000;1.1.1.8.01.1.0.00.00.00;201;5.164,15;7.102,73;46.129,02;57.656,76;95.574,75;226.833,54;28.339,45;12.051,58;10.713,90;8.217,65;0,00;0,00;15.830,46;101.303,32;305.127,55;32.916,61;34.520,06;43.496,18;0;0
11180111000000000000;1.1.1.8.01.1.1.00.00.00;201;0,00;0,00;32.711,61;47.350,07;88.005,28;216.209,09;11.221,90;5.455,12;3.520,15;1.333,01;0,00;0,00;893,28;86.366,14;290.168,48;17.840,95;19.405,38;28.348,38;0;0
11180111010000000000;1.1.1.8.01.1.1.01.00.00;201;0,00;0,00;19.626,71;28.409,80;52.802,68;129.724,11;6.733,08;3.272,97;2.112,07;799,80;0,00;0,00;535,96;51.819,69;174.101,09;10.704,57;11.643,23;17.009,03;0;1
11180111020000000000;1.1.1.8.01.1.1.02.00.00;201;0,00;0,00;8.178,10;11.837,71;22.001,75;54.053,26;2.805,54;1.363,85;880,05;333,26;0,00;0,00;223,32;21.591,53;72.542,12;4.460,24;4.851,35;7.087,09;0;20
11180111030000000000;1.1.1.8.01.1.1.03.00.00;201;0,00;0,00;4.906,80;7.102,56;13.200,85;32.431,72;1.683,28;818,30;528,03;199,95;0,00;0,00;134,00;12.954,92;43.525,27;2.676,14;2.910,80;4.252,26;0;40
11180112000000000000;1.1.1.8.01.1.2.00.00.00;201;0,00;0,00;0,00;0,00;0,00;111,08;947,68;509,87;527,53;215,57;0,00;0,00;518,08;518,08;539,97;656,56;695,58;728,71;0;0
11180112010000000000;1.1.1.8.01.1.2.01.00.00;201;0,00;0,00;0,00;0,00;0,00;66,60;568,58;305,88;316,49;129,34;0,00;0,00;365,70;365,70;365,70;365,70;365,70;365,68;0;1
11180112020000000000;1.1.1.8.01.1.2.02.00.00;201;0,00;0,00;0,00;0,00;0,00;27,79;236,97;127,50;131,90;53,89;0,00;0,00;152,38;152,38;152,38;152,38;152,38;152,35;0;20
11180112030000000000;1.1.1.8.01.1.2.03.00.00;201;0,00;0,00;0,00;0,00;0,00;16,69;142,13;76,49;79,14;32,34;0,00;0,00;0,00;0,00;21,89;138,48;177,50;210,68;0;40
11180113000000000000;1.1.1.8.01.1.3.00.00.00;201;4.204,41;5.467,47;9.965,63;7.548,65;6.001,41;8.192,00;10.716,94;5.141,98;5.279,31;4.807,43;0,00;0,00;10.608,02;10.608,02;10.608,02;10.608,02;10.608,02;10.608,03;0;0
11180113010000000000;1.1.1.8.01.1.3.01.00.00;201;2.522,59;3.280,33;5.979,25;4.529,09;3.600,76;4.915,09;6.429,99;3.085,07;3.167,48;2.884,35;0,00;0,00;6.364,82;6.364,82;6.364,82;6.364,82;6.364,82;6.364,78;0;1
11180113020000000000;1.1.1.8.01.1.3.02.00.00;201;1.051,16;1.366,97;2.491,53;1.887,21;1.500,45;2.048,08;2.679,35;1.285,58;1.319,90;1.201,94;0,00;0,00;2.652,00;2.652,00;2.652,00;2.652,00;2.652,00;2.652,03;0;20
11180113030000000000;1.1.1.8.01.1.3.03.00.00;201;630,66;820,17;1.494,85;1.132,35;900,20;1.228,83;1.607,60;771,33;791,93;721,14;0,00;0,00;1.591,20;1.591,20;1.591,20;1.591,20;1.591,20;1.591,22;0;40
11180114000000000000;1.1.1.8.01.1.4.00.00.00;201;959,74;1.635,26;3.451,78;2.758,04;1.568,06;2.321,37;5.452,93;944,61;1.386,91;1.861,64;0,00;0,00;3.811,08;3.811,08;3.811,08;3.811,08;3.811,08;3.811,06;0;0
11180114010000000000;1.1.1.8.01.1.4.01.00.00;201;575,83;981,10;2.071,00;1.654,78;940,75;1.392,81;3.271,73;566,71;832,09;1.116,90;0,00;0,00;2.286,64;2.286,64;2.286,64;2.286,64;2.286,64;2.286,67;0;1
11180114020000000000;1.1.1.8.01.1.4.02.00.00;201;239,97;408,87;863,00;689,54;392,09;580,36;1.363,26;236,21;346,76;465,46;0,00;0,00;952,78;952,78;952,78;952,78;952,78;952,72;0;20
11180114030000000000;1.1.1.8.01.1.4.03.00.00;201;143,94;245,29;517,78;413,72;235,22;348,20;817,94;141,69;208,06;279,28;0,00;0,00;571,66;571,66;571,66;571,66;571,66;571,67;0;40
11180140000000000000;1.1.1.8.01.4.0.00.00.00;201;130.320,00;37.035,00;31.599,00;61.695,00;75.637,00;451.460,32;117.669,00;24.518,00;86.943,00;12.840,00;0,00;0,00;166.666,66;166.666,66;166.666,66;433.666,66;166.666,66;166.666,70;0;0
11180141000000000000;1.1.1.8.01.4.1.00.00.00;201;130.320,00;37.035,00;31.599,00;61.695,00;75.637,00;451.460,32;117.669,00;24.518,00;86.943,00;12.840,00;0,00;0,00;166.666,66;166.666,66;166.666,66;433.666,66;166.666,66;166.666,70;0;0
11180141010000000000;1.1.1.8.01.4.1.01.00.00;201;78.192,00;22.221,00;18.959,40;37.017,00;45.382,20;270.876,19;70.601,40;14.710,80;52.165,80;7.704,00;0,00;0,00;100.000,00;100.000,00;100.000,00;367.000,00;100.000,00;100.000,00;0;1
11180141020000000000;1.1.1.8.01.4.1.02.00.00;201;32.580,00;9.258,75;7.899,75;15.423,75;18.909,25;112.865,08;29.417,25;6.129,50;21.735,75;3.210,00;0,00;0,00;41.666,66;41.666,66;41.666,66;41.666,66;41.666,66;41.666,70;0;20
11180141030000000000;1.1.1.8.01.4.1.03.00.00;201;19.548,00;5.555,25;4.739,85;9.254,25;11.345,55;67.719,05;17.650,35;3.677,70;13.041,45;1.926,00;0,00;0,00;25.000,00;25.000,00;25.000,00;25.000,00;25.000,00;25.000,00;0;40
11180200000000000000;1.1.1.8.02.0.0.00.00.00;201;27.751,28;23.162,05;28.210,37;30.364,98;32.023,02;26.612,32;25.658,41;28.283,27;42.060,27;33.607,07;0,00;0,00;53.778,76;53.778,76;53.778,76;53.778,76;53.778,76;53.778,72;0;0
11180230000000000000;1.1.1.8.02.3.0.00.00.00;201;27.751,28;23.162,05;28.210,37;30.364,98;32.023,02;26.612,32;25.658,41;28.283,27;42.060,27;33.607,07;0,00;0,00;53.778,76;53.778,76;53.778,76;53.778,76;53.778,76;53.778,72;0;0
11180231000000000000;1.1.1.8.02.3.1.00.00.00;201;27.175,13;22.843,71;28.095,85;30.252,03;31.532,80;26.353,65;25.523,62;28.204,37;41.877,16;32.797,79;0,00;0,00;53.166,38;53.166,38;53.166,38;53.166,38;53.166,38;53.166,38;0;0
11180231010000000000;1.1.1.8.02.3.1.01.00.00;201;16.305,06;13.706,20;16.857,46;18.151,16;18.919,60;15.812,14;15.314,05;16.922,52;25.126,24;19.678,53;0,00;0,00;31.899,82;31.899,82;31.899,82;31.899,82;31.899,82;31.899,87;0;1
11180231020000000000;1.1.1.8.02.3.1.02.00.00;201;6.793,80;5.710,95;7.024,01;7.563,06;7.883,27;6.588,45;6.381,02;7.051,16;10.469,33;8.199,53;0,00;0,00;13.291,60;13.291,60;13.291,60;13.291,60;13.291,60;13.291,57;0;20
11180231030000000000;1.1.1.8.02.3.1.03.00.00;201;4.076,27;3.426,56;4.214,38;4.537,81;4.729,93;3.953,06;3.828,55;4.230,69;6.281,59;4.919,73;0,00;0,00;7.974,96;7.974,96;7.974,96;7.974,96;7.974,96;7.974,94;0;40
11180232000000000000;1.1.1.8.02.3.2.00.00.00;201;576,15;318,34;114,52;112,95;335,13;148,67;134,79;78,90;125,02;181,39;0,00;0,00;553,02;553,02;553,02;553,02;553,02;552,98;0;0
11180232010000000000;1.1.1.8.02.3.2.01.00.00;201;345,68;191,00;68,71;67,77;201,08;89,20;80,87;47,33;75,01;108,82;0,00;0,00;331,80;331,80;331,80;331,80;331,80;331,85;0;1
11180232020000000000;1.1.1.8.02.3.2.02.00.00;201;144,04;79,59;28,63;28,24;83,78;37,17;33,70;19,73;31,26;45,36;0,00;0,00;138,26;138,26;138,26;138,26;138,26;138,22;0;20
11180232030000000000;1.1.1.8.02.3.2.03.00.00;201;86,43;47,75;17,18;16,94;50,27;22,30;20,22;11,84;18,75;27,21;0,00;0,00;82,96;82,96;82,96;82,96;82,96;82,91;0;40
11180233000000000000;1.1.1.8.02.3.3.00.00.00;201;0,00;0,00;0,00;0,00;126,38;91,70;0,00;0,00;50,28;475,24;0,00;0,00;45,90;45,90;45,90;45,90;45,90;45,82;0;0
11180233010000000000;1.1.1.8.02.3.3.01.00.00;201;0,00;0,00;0,00;0,00;75,82;55,01;0,00;0,00;30,17;285,14;0,00;0,00;27,54;27,54;27,54;27,54;27,54;27,49;0;1
11180233020000000000;1.1.1.8.02.3.3.02.00.00;201;0,00;0,00;0,00;0,00;31,60;22,93;0,00;0,00;12,57;118,81;0,00;0,00;11,48;11,48;11,48;11,48;11,48;11,43;0;20
11180233030000000000;1.1.1.8.02.3.3.03.00.00;201;0,00;0,00;0,00;0,00;18,96;13,76;0,00;0,00;7,54;71,29;0,00;0,00;6,88;6,88;6,88;6,88;6,88;6,90;0;40
11180234000000000000;1.1.1.8.02.3.4.00.00.00;201;0,00;0,00;0,00;0,00;28,71;18,30;0,00;0,00;7,81;152,65;0,00;0,00;13,46;13,46;13,46;13,46;13,46;13,54;0;0
11180234010000000000;1.1.1.8.02.3.4.01.00.00;201;0,00;0,00;0,00;0,00;17,22;10,97;0,00;0,00;4,69;91,60;0,00;0,00;8,08;8,08;8,08;8,08;8,08;8,10;0;1
11180234020000000000;1.1.1.8.02.3.4.02.00.00;201;0,00;0,00;0,00;0,00;7,18;4,58;0,00;0,00;1,95;38,16;0,00;0,00;3,36;3,36;3,36;3,36;3,36;3,41;0;20
11180234030000000000;1.1.1.8.02.3.4.03.00.00;201;0,00;0,00;0,00;0,00;4,31;2,75;0,00;0,00;1,17;22,89;0,00;0,00;2,02;2,02;2,02;2,02;2,02;2,03;0;40
11200000000000000000;1.1.2.0.00.0.0.00.00.00;201;1.855,27;5.333,66;5.498,11;4.145,41;5.098,68;5.544,37;5.349,22;6.835,93;24.044,16;7.855,09;0,00;0,00;6.838,02;6.838,02;6.838,02;6.838,02;6.838,02;6.838,03;0;0
11220000000000000000;1.1.2.2.00.0.0.00.00.00;201;767,99;2.183,19;2.481,00;1.502,98;1.805,00;1.144,00;1.113,48;1.665,00;1.223,00;1.236,22;0,00;0,00;0,00;0,00;0,00;0,00;0,00;0,00;0;0
11220100000000000000;1.1.2.2.01.0.0.00.00.00;201;767,99;2.183,19;2.481,00;1.502,98;1.805,00;1.144,00;1.113,48;1.665,00;1.223,00;1.236,22;0,00;0,00;0,00;0,00;0,00;0,00;0,00;0,00;0;0
11220110000000000000;1.1.2.2.01.1.0.00.00.00;201;767,99;2.183,19;2.481,00;1.502,98;1.805,00;1.144,00;1.113,48;1.665,00;1.223,00;1.236,22;0,00;0,00;0,00;0,00;0,00;0,00;0,00;0,00;0;0
11220111000000000000;1.1.2.2.01.1.1.00.00.00;201;760,00;2.179,83;2.481,00;1.502,00;1.805,00;1.144,00;1.113,00;1.665,00;1.223,00;1.236,00;0,00;0,00;0,00;0,00;0,00;0,00;0,00;0,00;0;0
11220111010000000000;1.1.2.2.01.1.1.01.00.00;201;760,00;2.179,83;2.481,00;1.502,00;1.805,00;1.144,00;1.113,00;1.665,00;1.223,00;1.236,00;0,00;0,00;0,00;0,00;0,00;0,00;0,00;0,00;0;1
11220112000000000000;1.1.2.2.01.1.2.00.00.00;201;0,00;3,36;0,00;0,98;0,00;0,00;0,48;0,00;0,00;0,22;0,00;0,00;0,00;0,00;0,00;0,00;0,00;0,00;0;0
11220112010000000000;1.1.2.2.01.1.2.01.00.00;201;0,00;3,36;0,00;0,98;0,00;0,00;0,48;0,00;0,00;0,22;0,00;0,00;0,00;0,00;0,00;0,00;0,00;0,00;0;1
11220113000000000000;1.1.2.2.01.1.3.00.00.00;201;7,00;0,00;0,00;0,00;0,00;0,00;0,00;0,00;0,00;0,00;0,00;0,00;0,00;0,00;0,00;0,00;0,00;0,00;0;0
11220113010000000000;1.1.2.2.01.1.3.01.00.00;201;7,00;0,00;0,00;0,00;0,00;0,00;0,00;0,00;0,00;0,00;0,00;0,00;0,00;0,00;0,00;0,00;0,00;0,00;0;1
11220114000000000000;1.1.2.2.01.1.4.00.00.00;201;0,99;0,00;0,00;0,00;0,00;0,00;0,00;0,00;0,00;0,00;0,00;0,00;0,00;0,00;0,00;0,00;0,00;0,00;0;0
11220114010000000000;1.1.2.2.01.1.4.01.00.00;201;0,99;0,00;0,00;0,00;0,00;0,00;0,00;0,00;0,00;0,00;0,00;0,00;0,00;0,00;0,00;0,00;0,00;0,00;0;1
11280000000000000000;1.1.2.8.00.0.0.00.00.00;201;1.087,28;3.150,47;3.017,11;2.642,43;3.293,68;4.400,37;4.235,74;5.170,93;22.821,16;6.618,87;0,00;0,00;6.838,02;6.838,02;6.838,02;6.838,02;6.838,02;6.838,03;0;0
11280100000000000000;1.1.2.8.01.0.0.00.00.00;201;1.087,28;3.150,47;3.017,11;2.642,43;3.293,68;4.400,37;4.235,74;5.170,93;22.821,16;6.618,87;0,00;0,00;6.838,02;6.838,02;6.838,02;6.838,02;6.838,02;6.838,03;0;0
11280110000000000000;1.1.2.8.01.1.0.00.00.00;201;248,65;242,00;605,00;0,00;0,00;121,00;242,00;363,00;484,00;363,00;0,00;0,00;871,38;871,38;871,38;871,38;871,38;871,42;0;0
11280111000000000000;1.1.2.8.01.1.1.00.00.00;201;121,00;242,00;605,00;0,00;0,00;121,00;242,00;363,00;484,00;363,00;0,00;0,00;871,38;871,38;871,38;871,38;871,38;871,42;0;1
11280113000000000000;1.1.2.8.01.1.3.00.00.00;201;112,00;0,00;0,00;0,00;0,00;0,00;0,00;0,00;0,00;0,00;0,00;0,00;0,00;0,00;0,00;0,00;0,00;0,00;0;1
11280114000000000000;1.1.2.8.01.1.4.00.00.00;201;15,65;0,00;0,00;0,00;0,00;0,00;0,00;0,00;0,00;0,00;0,00;0,00;0,00;0,00;0,00;0,00;0,00;0,00;0;1
11280190000000000000;1.1.2.8.01.9.0.00.00.00;201;838,63;2.908,47;2.412,11;2.642,43;3.293,68;4.279,37;3.993,74;4.807,93;22.337,16;6.255,87;0,00;0,00;5.966,64;5.966,64;5.966,64;5.966,64;5.966,64;5.966,61;0;0
11280191000000000000;1.1.2.8.01.9.1.00.00.00;201;221,00;2.143,00;1.098,00;2.099,00;2.592,00;3.899,00;3.615,00;4.659,00;21.866,00;5.608,00;0,00;0,00;5.966,64;5.966,64;5.966,64;5.966,64;5.966,64;5.966,61;0;0
11280191010000000000;1.1.2.8.01.9.1.01.00.00;201;93,00;504,00;168,00;255,00;215,00;1.341,00;1.028,00;1.978,00;20.666,00;3.830,00;0,00;0,00;0,00;0,00;0,00;0,00;0,00;0,00;0;1
11280191030000000000;1.1.2.8.01.9.1.03.00.00;201;42,00;628,00;504,00;306,00;215,00;583,00;1.523,00;1.797,00;348,00;995,00;0,00;0,00;0,00;0,00;0,00;0,00;0,00;0,00;0;1
11280191040000000000;1.1.2.8.01.9.1.04.00.00;201;0,00;0,00;0,00;0,00;0,00;0,00;0,00;0,00;0,00;0,00;0,00;0,00;5.966,64;5.966,64;5.966,64;5.966,64;5.966,64;5.966,61;0;1
11280191050000000000;1.1.2.8.01.9.1.05.00.00;201;86,00;752,00;0,00;749,00;2.012,00;1.510,00;823,00;124,00;310,00;450,00;0,00;0,00;0,00;0,00;0,00;0,00;0,00;0,00;0;1005
11280191060000000000;1.1.2.8.01.9.1.06.00.00;201;0,00;259,00;374,00;633,00;98,00;413,00;241,00;760,00;542,00;281,00;0,00;0,00;0,00;0,00;0,00;0,00;0,00;0,00;0;1
11280191070000000000;1.1.2.8.01.9.1.07.00.00;201;0,00;0,00;52,00;156,00;52,00;52,00;0,00;0,00;0,00;52,00;0,00;0,00;0,00;0,00;0,00;0,00;0,00;0,00;0;1
11280192000000000000;1.1.2.8.01.9.2.00.00.00;201;0,00;0,00;0,00;1,82;0,00;0,00;0,00;0,00;0,00;70,05;0,00;0,00;0,00;0,00;0,00;0,00;0,00;0,00;0;0
11280192010000000000;1.1.2.8.01.9.2.01.00.00;201;0,00;0,00;0,00;0,00;0,00;0,00;0,00;0,00;0,00;67,58;0,00;0,00;0,00;0,00;0,00;0,00;0,00;0,00;0;1
11280192030000000000;1.1.2.8.01.9.2.03.00.00;201;0,00;0,00;0,00;0,00;0,00;0,00;0,00;0,00;0,00;1,40;0,00;0,00;0,00;0,00;0,00;0,00;0,00;0,00;0;1
11280192060000000000;1.1.2.8.01.9.2.06.00.00;201;0,00;0,00;0,00;0,00;0,00;0,00;0,00;0,00;0,00;1,07;0,00;0,00;0,00;0,00;0,00;0,00;0,00;0,00;0;1
11280192070000000000;1.1.2.8.01.9.2.07.00.00;201;0,00;0,00;0,00;1,82;0,00;0,00;0,00;0,00;0,00;0,00;0,00;0,00;0,00;0,00;0,00;0,00;0,00;0,00;0;1
11280193000000000000;1.1.2.8.01.9.3.00.00.00;201;456,09;496,58;1.031,84;439,52;586,31;327,60;327,62;123,52;386,31;447,25;0,00;0,00;0,00;0,00;0,00;0,00;0,00;0,00;0;0
11280193010000000000;1.1.2.8.01.9.3.01.00.00;201;456,09;496,58;1.031,84;439,52;586,31;327,60;327,62;123,52;386,31;447,25;0,00;0,00;0,00;0,00;0,00;0,00;0,00;0,00;0;1
11280194000000000000;1.1.2.8.01.9.4.00.00.00;201;161,54;268,89;282,27;102,09;115,37;52,77;51,12;25,41;84,85;130,57;0,00;0,00;0,00;0,00;0,00;0,00;0,00;0,00;0;0
11280194010000000000;1.1.2.8.01.9.4.01.00.00;201;161,54;268,89;282,27;102,09;115,37;52,77;51,12;25,41;84,85;130,57;0,00;0,00;0,00;0,00;0,00;0,00;0,00;0,00;0;1
12000000000000000000;1.2.0.0.00.0.0.00.00.00;201;15.085,79;88.277,28;81.633,29;82.190,29;83.008,95;82.605,84;80.247,75;80.900,12;78.721,26;79.058,16;0,00;0,00;202.194,21;146.630,03;147.498,38;144.967,46;143.183,37;141.056,95;0;0
12100000000000000000;1.2.1.0.00.0.0.00.00.00;201;0,00;73.972,20;62.982,21;63.687,86;65.853,47;65.136,36;65.229,17;65.719,05;64.833,21;65.834,59;0,00;0,00;177.256,58;118.171,06;118.171,06;118.171,06;118.171,06;118.171,02;0;0
12180000000000000000;1.2.1.8.00.0.0.00.00.00;201;0,00;73.972,20;62.982,21;63.687,86;65.853,47;65.136,36;65.229,17;65.719,05;64.833,21;65.834,59;0,00;0,00;177.256,58;118.171,06;118.171,06;118.171,06;118.171,06;118.171,02;0;0
12180100000000000000;1.2.1.8.01.0.0.00.00.00;201;0,00;73.972,20;62.982,21;63.687,86;65.853,47;65.136,36;65.229,17;65.719,05;64.833,21;65.834,59;0,00;0,00;177.256,58;118.171,06;118.171,06;118.171,06;118.171,06;118.171,02;0;0
12180110000000000000;1.2.1.8.01.1.0.00.00.00;201;0,00;73.972,20;62.982,21;63.687,86;65.797,54;64.826,52;64.919,33;65.409,21;64.833,21;65.524,75;0,00;0,00;177.256,58;118.171,06;118.171,06;118.171,06;118.171,06;118.171,02;0;0
12180111000000000000;1.2.1.8.01.1.1.00.00.00;1201;0,00;73.972,20;62.982,21;63.687,86;65.797,54;64.826,52;64.919,33;65.409,21;64.833,21;65.524,75;0,00;0,00;177.256,58;118.171,06;118.171,06;118.171,06;118.171,06;118.171,02;0;50
12180130000000000000;1.2.1.8.01.3.0.00.00.00;201;0,00;0,00;0,00;0,00;55,93;309,84;309,84;309,84;0,00;309,84;0,00;0,00;0,00;0,00;0,00;0,00;0,00;0,00;0;0
12180131000000000000;1.2.1.8.01.3.1.00.00.00;1201;0,00;0,00;0,00;0,00;55,93;309,84;309,84;309,84;0,00;309,84;0,00;0,00;0,00;0,00;0,00;0,00;0,00;0,00;0;50
12400000000000000000;1.2.4.0.00.0.0.00.00.00;201;15.085,79;14.305,08;18.651,08;18.502,43;17.155,48;17.469,48;15.018,58;15.181,07;13.888,05;13.223,57;0,00;0,00;24.937,63;28.458,97;29.327,32;26.796,40;25.012,31;22.885,93;0;0
12400010000000000000;1.2.4.0.00.1.0.00.00.00;201;15.085,79;14.305,08;18.651,08;18.502,43;17.155,48;17.469,48;15.018,58;15.181,07;13.888,05;13.223,57;0,00;0,00;24.937,63;28.458,97;29.327,32;26.796,40;25.012,31;22.885,93;0;0
12400011000000000000;1.2.4.0.00.1.1.00.00.00;201;15.085,79;14.305,08;18.651,08;18.502,43;17.155,48;17.469,48;15.018,58;15.181,07;13.888,05;13.223,57;0,00;0,00;24.937,63;28.458,97;29.327,32;26.796,40;25.012,31;22.885,93;0;1
13000000000000000000;1.3.0.0.00.0.0.00.00.00;201;517.989,86;119.592,66;134.845,31;234.067,94;488.377,40;509.903,30;251.471,69;91.048,11;431.025,12;467.401,75;0,00;0,00;407.480,50;407.480,50;407.542,51;407.808,72;409.617,29;407.480,60;0;0
13100000000000000000;1.3.1.0.00.0.0.00.00.00;201;14.696,86;14.122,35;14.920,00;14.920,00;18.064,34;14.920,00;15.977,58;17.470,98;15.422,03;14.920,00;0,00;0,00;31.365,02;31.365,02;31.365,02;31.365,02;31.365,02;31.365,04;0;0
13100100000000000000;1.3.1.0.01.0.0.00.00.00;201;14.696,86;14.122,35;14.920,00;14.920,00;18.064,34;14.920,00;15.977,58;17.470,98;15.422,03;14.920,00;0,00;0,00;31.365,02;31.365,02;31.365,02;31.365,02;31.365,02;31.365,04;0;0
13100110000000000000;1.3.1.0.01.1.0.00.00.00;201;14.696,86;14.122,35;14.920,00;14.920,00;18.064,34;14.920,00;15.977,58;17.470,98;15.422,03;14.920,00;0,00;0,00;31.365,02;31.365,02;31.365,02;31.365,02;31.365,02;31.365,04;0;0
13100111000000000000;1.3.1.0.01.1.1.00.00.00;201;14.517,00;13.942,00;14.920,00;14.920,00;16.953,00;14.920,00;15.614,00;17.002,00;14.920,00;14.920,00;0,00;0,00;31.365,02;31.365,02;31.365,02;31.365,02;31.365,02;31.365,04;0;1
13100112000000000000;1.3.1.0.01.1.2.00.00.00;201;0,00;0,00;0,00;0,00;304,46;0,00;104,10;206,47;0,00;0,00;0,00;0,00;0,00;0,00;0,00;0,00;0,00;0,00;0;1
13100113000000000000;1.3.1.0.01.1.3.00.00.00;201;150,72;161,65;0,00;0,00;668,79;0,00;222,93;222,93;445,86;0,00;0,00;0,00;0,00;0,00;0,00;0,00;0,00;0,00;0;1
13100114000000000000;1.3.1.0.01.1.4.00.00.00;201;29,14;18,70;0,00;0,00;138,09;0,00;36,55;39,58;56,17;0,00;0,00;0,00;0,00;0,00;0,00;0,00;0,00;0,00;0;1
13200000000000000000;1.3.2.0.00.0.0.00.00.00;201;503.293,00;105.470,31;119.925,31;219.147,94;470.313,06;494.983,30;235.494,11;73.577,13;415.603,09;452.481,75;0,00;0,00;371.256,68;371.256,68;371.318,69;371.584,90;373.393,47;371.256,71;0;0
13210000000000000000;1.3.2.1.00.0.0.00.00.00;201;503.293,00;105.470,31;119.925,31;219.147,94;470.313,06;494.983,30;235.494,11;73.577,13;415.603,09;452.481,75;0,00;0,00;371.256,68;371.256,68;371.318,69;371.584,90;373.393,47;371.256,71;0;0
13210010000000000000;1.3.2.1.00.1.0.00.00.00;201;12.225,11;12.717,31;12.650,48;14.412,17;15.363,12;14.633,01;19.014,08;15.576,76;17.255,71;13.634,99;0,00;0,00;24.651,48;24.651,48;24.713,49;24.979,70;26.788,27;24.651,54;0;0
13210011000000000000;1.3.2.1.00.1.1.00.00.00;201;12.225,11;12.717,31;12.650,48;14.412,17;15.363,12;14.633,01;19.014,08;15.576,76;17.255,71;13.634,99;0,00;0,00;24.651,48;24.651,48;24.713,49;24.979,70;26.788,27;24.651,54;0;0
13210011010000000000;1.3.2.1.00.1.1.01.00.00;201;2.588,10;2.425,80;2.414,26;3.102,37;3.726,97;3.729,74;4.329,84;3.981,64;4.160,36;3.399,55;0,00;0,00;1.651,66;1.651,66;1.713,67;1.979,88;3.788,45;1.651,72;0;0
13210011010200000000;1.3.2.1.00.1.1.01.02.00;201;554,26;445,48;657,90;1.148,94;1.616,00;1.678,86;2.148,65;2.075,73;2.074,56;1.057,94;0,00;0,00;1.360,74;1.360,74;1.360,74;1.360,74;1.360,74;1.360,75;0;31
13210011010300000000;1.3.2.1.00.1.1.01.03.00;201;1.346,79;1.435,93;1.090,58;1.236,72;1.348,33;1.238,43;1.367,23;1.022,95;1.008,38;1.299,54;0,00;0,00;0,00;0,00;62,01;328,22;2.136,79;0,00;0;0
13210011010301000000;1.3.2.1.00.1.1.01.03.01;201;5,16;4,71;4,49;5,03;5,30;4,54;2,43;0,00;0,00;0,00;0,00;0,00;0,00;0,00;0,00;0,00;31,66;0,00;0;4111
13210011010302000000;1.3.2.1.00.1.1.01.03.02;201;1,77;1,61;1,54;25,44;40,28;49,33;86,11;65,72;50,03;72,05;0,00;0,00;0,00;0,00;30,36;0,00;0,00;0,00;0;4050
13210011010303000000;1.3.2.1.00.1.1.01.03.03;201;336,33;306,80;165,00;244,70;299,96;260,41;198,19;62,28;57,12;58,05;0,00;0,00;0,00;0,00;0,00;0,00;0,00;0,00;0;4931
13210011010304000000;1.3.2.1.00.1.1.01.03.04;201;134,54;122,86;74,26;99,36;122,05;105,69;68,86;3,29;2,99;3,00;0,00;0,00;0,00;0,00;0,00;0,00;0,00;0,00;0;4931
13210011010305000000;1.3.2.1.00.1.1.01.03.05;201;0,00;223,23;195,22;191,45;137,38;147,60;147,61;0,00;0,00;222,24;0,00;0,00;0,00;0,00;0,00;0,00;0,00;0,00;0;4500
13210011010307000000;1.3.2.1.00.1.1.01.03.07;201;0,00;0,00;23,20;24,44;36,13;29,26;40,07;40,42;37,57;43,81;0,00;0,00;0,00;0,00;0,00;0,00;0,00;0,00;0;4503
13210011010308000000;1.3.2.1.00.1.1.01.03.08;201;0,00;0,00;0,00;0,00;0,00;0,00;7,86;6,61;6,88;6,73;0,00;0,00;0,00;0,00;0,00;0,00;0,00;0,00;0;4160
13210011010309000000;1.3.2.1.00.1.1.01.03.09;201;0,00;0,00;14,82;68,28;124,83;158,70;258,21;300,59;367,32;397,90;0,00;0,00;0,00;0,00;0,00;0,00;0,00;0,00;0;4011
13210011010310000000;1.3.2.1.00.1.1.01.03.10;201;0,00;0,00;1,48;6,34;7,98;0,24;1,63;5,96;8,54;13,79;0,00;0,00;0,00;0,00;7,82;0,00;0,00;0,00;0;4050
13210011010311000000;1.3.2.1.00.1.1.01.03.11;201;0,00;0,00;0,00;0,00;0,00;0,00;35,96;33,09;34,40;29,98;0,00;0,00;0,00;0,00;0,00;0,00;0,00;0,00;0;4090
13210011010316000000;1.3.2.1.00.1.1.01.03.16;201;45,11;41,34;39,76;44,20;39,09;32,01;36,66;25,12;23,43;29,58;0,00;0,00;0,00;0,00;0,00;0,00;0,00;0,00;0;4503
13210011010317000000;1.3.2.1.00.1.1.01.03.17;201;230,36;210,23;200,97;222,91;234,79;203,59;247,68;219,49;203,58;209,02;0,00;0,00;0,00;0,00;0,00;0,00;1.770,02;0,00;0;4303
13210011010318000000;1.3.2.1.00.1.1.01.03.18;201;39,42;9,21;5,99;6,69;6,91;5,93;2,82;0,00;0,00;0,00;0,00;0,00;0,00;0,00;0,00;0,00;76,97;0,00;0;4710
13210011010319000000;1.3.2.1.00.1.1.01.03.19;201;44,76;40,31;38,48;42,66;44,85;33,65;13,43;0,00;0,00;0,00;0,00;0,00;0,00;0,00;0,00;0,00;258,14;0,00;0;4710
13210011010320000000;1.3.2.1.00.1.1.01.03.20;201;54,72;50,14;48,21;53,85;55,56;48,44;59,13;44,62;42,00;61,45;0,00;0,00;0,00;0,00;0,00;0,00;0,00;0,00;0;4505
13210011010321000000;1.3.2.1.00.1.1.01.03.21;201;9,85;8,99;4,99;0,00;0,00;0,00;0,00;0,00;0,00;0,00;0,00;0,00;0,00;0,00;23,83;0,00;0,00;0,00;0;4936
13210011010322000000;1.3.2.1.00.1.1.01.03.22;201;406,61;364,70;221,04;148,23;138,94;117,41;122,50;52,28;25,69;1,56;0,00;0,00;0,00;0,00;0,00;0,00;0,00;0,00;0;4520
13210011010323000000;1.3.2.1.00.1.1.01.03.23;201;33,66;33,79;33,91;34,04;34,16;34,29;34,42;0,00;0,00;0,00;0,00;0,00;0,00;0,00;0,00;238,27;0,00;0,00;0;4760
13210011010324000000;1.3.2.1.00.1.1.01.03.24;201;4,50;18,01;17,22;19,10;20,12;7,34;3,66;0,00;0,00;0,00;0,00;0,00;0,00;0,00;0,00;89,95;0,00;0,00;0;4190
13210011010325000000;1.3.2.1.00.1.1.01.03.25;201;0,00;0,00;0,00;0,00;0,00;0,00;0,00;163,48;148,83;146,65;0,00;0,00;0,00;0,00;0,00;0,00;0,00;0,00;0;4500
13210011010327000000;1.3.2.1.00.1.1.01.03.27;201;0,00;0,00;0,00;0,00;0,00;0,00;0,00;0,00;0,00;3,73;0,00;0,00;0,00;0,00;0,00;0,00;0,00;0,00;0;4300
13210011010700000000;1.3.2.1.00.1.1.01.07.00;201;124,59;120,18;120,37;127,40;100,00;98,36;109,36;61,91;46,40;96,63;0,00;0,00;0,00;0,00;0,00;0,00;0,00;0,00;0;0
13210011010701000000;1.3.2.1.00.1.1.01.07.01;201;0,00;6,66;9,91;10,88;7,72;10,56;14,87;7,49;3,99;11,27;0,00;0,00;0,00;0,00;0,00;0,00;0,00;0,00;0;1064
13210011010702000000;1.3.2.1.00.1.1.01.07.02;201;85,07;76,61;73,03;74,13;52,88;53,36;53,42;22,77;0,00;14,66;0,00;0,00;0,00;0,00;0,00;0,00;0,00;0,00;0;1021
13210011010703000000;1.3.2.1.00.1.1.01.07.03;201;28,21;26,55;27,47;31,26;34,06;30,31;36,03;27,85;26,24;41,23;0,00;0,00;0,00;0,00;0,00;0,00;0,00;0,00;0;1038
13210011010704000000;1.3.2.1.00.1.1.01.07.04;201;11,31;10,36;9,96;11,13;5,34;4,13;5,04;3,80;3,33;3,66;0,00;0,00;0,00;0,00;0,00;0,00;0,00;0,00;0;1067
13210011010705000000;1.3.2.1.00.1.1.01.07.05;201;0,00;0,00;0,00;0,00;0,00;0,00;0,00;0,00;12,84;25,81;0,00;0,00;0,00;0,00;0,00;0,00;0,00;0,00;0;1103
13210011010800000000;1.3.2.1.00.1.1.01.08.00;201;16,16;62,51;80,93;73,60;55,17;34,84;29,00;44,77;42,19;59,41;0,00;0,00;0,00;0,00;0,00;0,00;0,00;0,00;0;0
13210011010803000000;1.3.2.1.00.1.1.01.08.03;201;16,16;62,40;61,82;48,62;13,44;17,09;6,00;20,77;17,11;24,35;0,00;0,00;0,00;0,00;0,00;0,00;0,00;0,00;0;1014
13210011010804000000;1.3.2.1.00.1.1.01.08.04;201;0,00;0,11;6,74;15,71;23,89;10,02;6,22;2,84;0,58;5,59;0,00;0,00;0,00;0,00;0,00;0,00;0,00;0,00;0;1016
13210011010805000000;1.3.2.1.00.1.1.01.08.05;201;0,00;0,00;6,21;8,26;10,37;6,51;0,95;0,00;0,00;0,00;0,00;0,00;0,00;0,00;0,00;0,00;0,00;0,00;0;1001
13210011010806000000;1.3.2.1.00.1.1.01.08.06;201;0,00;0,00;6,16;1,01;7,47;1,22;0,00;0,00;0,00;0,00;0,00;0,00;0,00;0,00;0,00;0,00;0,00;0,00;0;1031
13210011010807000000;1.3.2.1.00.1.1.01.08.07;201;0,00;0,00;0,00;0,00;0,00;0,00;15,83;21,16;24,50;29,47;0,00;0,00;0,00;0,00;0,00;0,00;0,00;0,00;0;1070
13210011019900000000;1.3.2.1.00.1.1.01.99.00;201;546,30;361,70;464,48;515,71;607,47;679,25;675,60;776,28;988,83;886,03;0,00;0,00;290,92;290,92;290,92;290,92;290,92;290,97;0;0
13210011019901000000;1.3.2.1.00.1.1.01.99.01;201;84,94;77,84;77,70;86,17;94,90;89,74;116,75;106,91;99,70;103,77;0,00;0,00;223,04;223,04;223,04;223,04;223,04;223,09;0;1005
13210011019902000000;1.3.2.1.00.1.1.01.99.02;201;0,00;0,00;92,56;134,26;147,63;136,60;104,26;73,22;72,06;63,22;0,00;0,00;0,00;0,00;0,00;0,00;0,00;0,00;0;1017
13210011019906000000;1.3.2.1.00.1.1.01.99.06;201;26,31;26,41;26,51;26,60;57,89;58,10;58,31;77,19;71,62;30,94;0,00;0,00;67,88;67,88;67,88;67,88;67,88;67,88;0;1050
13210011019907000000;1.3.2.1.00.1.1.01.99.07;201;348,44;251,58;252,51;253,46;135,97;235,56;236,44;237,32;220,18;179,07;0,00;0,00;0,00;0,00;0,00;0,00;0,00;0,00;0;1022
13210011019908000000;1.3.2.1.00.1.1.01.99.08;201;83,50;5,87;5,89;5,91;158,66;159,25;159,84;97,17;192,61;193,27;0,00;0,00;0,00;0,00;0,00;0,00;0,00;0,00;0;1200
13210011019909000000;1.3.2.1.00.1.1.01.99.09;201;3,11;0,00;0,00;0,00;12,42;0,00;0,00;0,00;0,00;0,00;0,00;0,00;0,00;0,00;0,00;0,00;0,00;0,00;0;1022
13210011019910000000;1.3.2.1.00.1.1.01.99.10;201;0,00;0,00;9,31;9,31;0,00;0,00;0,00;11,51;0,00;0,00;0,00;0,00;0,00;0,00;0,00;0,00;0,00;0,00;0;1200
13210011019911000000;1.3.2.1.00.1.1.01.99.11;201;0,00;0,00;0,00;0,00;0,00;0,00;0,00;172,96;0,00;0,00;0,00;0,00;0,00;0,00;0,00;0,00;0,00;0,00;0;1207
13210011019912000000;1.3.2.1.00.1.1.01.99.12;201;0,00;0,00;0,00;0,00;0,00;0,00;0,00;0,00;332,66;271,99;0,00;0,00;0,00;0,00;0,00;0,00;0,00;0,00;0;1207
13210011019914000000;1.3.2.1.00.1.1.01.99.14;201;0,00;0,00;0,00;0,00;0,00;0,00;0,00;0,00;0,00;34,14;0,00;0,00;0,00;0,00;0,00;0,00;0,00;0,00;0;1206
13210011019916000000;1.3.2.1.00.1.1.01.99.16;201;0,00;0,00;0,00;0,00;0,00;0,00;0,00;0,00;0,00;9,63;0,00;0,00;0,00;0,00;0,00;0,00;0,00;0,00;0;1203
13210011020000000000;1.3.2.1.00.1.1.02.00.00;201;9.637,01;10.291,51;10.236,22;11.309,80;11.636,15;10.903,27;14.684,24;11.595,12;13.095,35;10.235,44;0,00;0,00;22.999,82;22.999,82;22.999,82;22.999,82;22.999,82;22.999,82;0;0
13210011029900000000;1.3.2.1.00.1.1.02.99.00;201;0,00;0,00;0,00;0,00;0,00;0,00;0,00;0,00;0,00;0,00;0,00;0,00;22.999,82;22.999,82;22.999,82;22.999,82;22.999,82;22.999,82;0;1
13210011029901000000;1.3.2.1.00.1.1.02.99.01;201;3.890,42;6.751,59;4.695,24;3.843,97;5.862,20;8.697,75;3.988,19;2.058,92;733,87;665,31;0,00;0,00;0,00;0,00;0,00;0,00;0,00;0,00;0;1
13210011029902000000;1.3.2.1.00.1.1.02.99.02;201;5.400,38;3.018,58;4.951,72;6.786,82;5.135,76;1.463,15;6.866,47;3.566,46;1.028,86;527,58;0,00;0,00;0,00;0,00;0,00;0,00;0,00;0,00;0;1
13210011029905000000;1.3.2.1.00.1.1.02.99.05;201;346,21;521,34;589,26;679,01;638,19;742,37;1.055,09;975,65;1.022,77;1.253,35;0,00;0,00;0,00;0,00;0,00;0,00;0,00;0,00;0;1
13210011029908000000;1.3.2.1.00.1.1.02.99.08;201;0,00;0,00;0,00;0,00;0,00;0,00;2.774,49;4.994,09;10.309,85;7.789,20;0,00;0,00;0,00;0,00;0,00;0,00;0,00;0,00;0;1
13210040000000000000;1.3.2.1.00.4.0.00.00.00;201;491.067,89;92.753,00;107.274,83;204.735,77;454.949,94;480.350,29;216.480,03;58.000,37;398.347,38;438.846,76;0,00;0,00;346.605,20;346.605,20;346.605,20;346.605,20;346.605,20;346.605,17;0;0
13210041000000000000;1.3.2.1.00.4.1.00.00.00;1201;0,00;0,00;0,00;0,00;0,00;0,00;0,00;0,00;0,00;0,00;0,00;0,00;346.605,20;346.605,20;346.605,20;346.605,20;346.605,20;346.605,17;0;50
13210041010000000000;1.3.2.1.00.4.1.01.00.00;1201;162.260,46;19.297,33;21.818,53;58.764,06;144.607,47;153.447,01;54.580,52;0,00;123.065,07;126.207,73;0,00;0,00;0,00;0,00;0,00;0,00;0,00;0,00;0;50
13210041020000000000;1.3.2.1.00.4.1.02.00.00;1201;154.891,16;11.563,45;10.435,86;44.254,41;131.848,37;136.404,65;42.401,72;0,00;106.119,60;109.446,84;0,00;0,00;0,00;0,00;0,00;0,00;0,00;0,00;0;50
13210041030000000000;1.3.2.1.00.4.1.03.00.00;1201;61.605,82;8.134,44;8.373,62;22.302,65;54.592,34;58.217,48;20.643,56;0,00;47.050,63;37.317,82;0,00;0,00;0,00;0,00;0,00;0,00;0,00;0,00;0;50
13210041040000000000;1.3.2.1.00.4.1.04.00.00;1201;26.908,85;21.383,24;21.513,36;24.412,61;32.005,45;28.240,45;34.663,43;26.288,68;31.791,76;22.222,86;0,00;0,00;0,00;0,00;0,00;0,00;0,00;0,00;0;50
13210041060000000000;1.3.2.1.00.4.1.06.00.00;1201;54.592,50;8.131,03;20.620,50;26.974,50;55.230,00;70.453,50;23.178,00;1.040,49;52.608,00;58.491,00;0,00;0,00;0,00;0,00;0,00;0,00;0,00;0,00;0;50
13210041070000000000;1.3.2.1.00.4.1.07.00.00;1201;30.809,10;24.234,30;24.512,96;28.027,54;36.666,31;33.587,20;41.012,80;30.671,20;37.712,32;32.074,42;0,00;0,00;0,00;0,00;0,00;0,00;0,00;0,00;0;50
13210041080000000000;1.3.2.1.00.4.1.08.00.00;1201;0,00;9,21;0,00;0,00;0,00;0,00;0,00;0,00;0,00;0,00;0,00;0,00;0,00;0,00;0,00;0,00;0,00;0,00;0;50
13210041090000000000;1.3.2.1.00.4.1.09.00.00;1201;0,00;0,00;0,00;0,00;0,00;0,00;0,00;0,00;0,00;9.312,60;0,00;0,00;0,00;0,00;0,00;0,00;0,00;0,00;0;50
13210041100000000000;1.3.2.1.00.4.1.10.00.00;1201;0,00;0,00;0,00;0,00;0,00;0,00;0,00;0,00;0,00;8.501,46;0,00;0,00;0,00;0,00;0,00;0,00;0,00;0,00;0;50
13210041110000000000;1.3.2.1.00.4.1.11.00.00;1201;0,00;0,00;0,00;0,00;0,00;0,00;0,00;0,00;0,00;11.655,38;0,00;0,00;0,00;0,00;0,00;0,00;0,00;0,00;0;50
13210041120000000000;1.3.2.1.00.4.1.12.00.00;1201;0,00;0,00;0,00;0,00;0,00;0,00;0,00;0,00;0,00;23.616,65;0,00;0,00;0,00;0,00;0,00;0,00;0,00;0,00;0;50
13600000000000000000;1.3.6.0.00.0.0.00.00.00;201;0,00;0,00;0,00;0,00;0,00;0,00;0,00;0,00;0,00;0,00;0,00;0,00;4.858,80;4.858,80;4.858,80;4.858,80;4.858,80;4.858,85;0;0
13600100000000000000;1.3.6.0.01.0.0.00.00.00;201;0,00;0,00;0,00;0,00;0,00;0,00;0,00;0,00;0,00;0,00;0,00;0,00;4.858,80;4.858,80;4.858,80;4.858,80;4.858,80;4.858,85;0;0
13600110000000000000;1.3.6.0.01.1.0.00.00.00;201;0,00;0,00;0,00;0,00;0,00;0,00;0,00;0,00;0,00;0,00;0,00;0,00;4.858,80;4.858,80;4.858,80;4.858,80;4.858,80;4.858,85;0;0
13600111000000000000;1.3.6.0.01.1.1.00.00.00;201;0,00;0,00;0,00;0,00;0,00;0,00;0,00;0,00;0,00;0,00;0,00;0,00;4.858,80;4.858,80;4.858,80;4.858,80;4.858,80;4.858,85;0;1
16000000000000000000;1.6.0.0.00.0.0.00.00.00;201;2.220,00;2.830,00;2.535,00;2.830,00;2.305,00;4.415,00;3.215,00;3.190,00;1.670,00;2.005,00;0,00;0,00;3.440,38;3.440,38;3.440,38;3.440,38;3.440,38;3.440,41;0;0
16100000000000000000;1.6.1.0.00.0.0.00.00.00;201;2.220,00;2.830,00;2.535,00;2.830,00;2.305,00;4.415,00;3.215,00;3.190,00;1.670,00;2.005,00;0,00;0,00;3.440,38;3.440,38;3.440,38;3.440,38;3.440,38;3.440,41;0;0
16100100000000000000;1.6.1.0.01.0.0.00.00.00;201;2.220,00;2.830,00;2.535,00;2.830,00;2.305,00;4.415,00;3.215,00;3.190,00;1.670,00;2.005,00;0,00;0,00;3.440,38;3.440,38;3.440,38;3.440,38;3.440,38;3.440,41;0;0
16100110000000000000;1.6.1.0.01.1.0.00.00.00;201;2.220,00;2.830,00;2.535,00;2.830,00;2.305,00;4.415,00;3.215,00;3.190,00;1.670,00;2.005,00;0,00;0,00;3.440,38;3.440,38;3.440,38;3.440,38;3.440,38;3.440,41;0;0
16100111000000000000;1.6.1.0.01.1.1.00.00.00;201;2.220,00;2.830,00;2.535,00;2.830,00;2.305,00;4.415,00;3.215,00;3.190,00;1.670,00;2.005,00;0,00;0,00;3.440,38;3.440,38;3.440,38;3.440,38;3.440,38;3.440,41;0;0
16100111010000000000;1.6.1.0.01.1.1.01.00.00;201;2.220,00;2.830,00;2.535,00;2.830,00;2.305,00;4.415,00;3.215,00;3.190,00;1.670,00;2.005,00;0,00;0,00;3.440,38;3.440,38;3.440,38;3.440,38;3.440,38;3.440,41;0;1
17000000000000000000;1.7.0.0.00.0.0.00.00.00;201;1.915.907,40;1.857.084,24;1.781.423,53;2.103.940,74;1.908.990,37;1.755.475,53;2.093.463,19;1.750.333,94;1.681.418,62;1.912.404,41;0,00;0,00;3.798.256,49;3.733.243,85;3.805.878,28;4.422.868,82;3.406.710,42;4.830.051,53;0;0
17100000000000000000;1.7.1.0.00.0.0.00.00.00;201;838.302,65;972.934,81;746.485,72;731.459,95;915.356,94;760.794,18;975.693,09;784.869,08;692.631,79;725.331,39;0,00;0,00;1.897.995,85;1.505.327,51;1.812.083,98;1.824.647,23;1.440.271,03;2.510.625,13;0;0
17180000000000000000;1.7.1.8.00.0.0.00.00.00;201;838.302,65;972.934,81;746.485,72;731.459,95;915.356,94;760.794,18;975.693,09;784.869,08;692.631,79;725.331,39;0,00;0,00;1.897.995,85;1.505.327,51;1.812.083,98;1.824.647,23;1.440.271,03;2.510.625,13;0;0
17180100000000000000;1.7.1.8.01.0.0.00.00.00;201;776.260,86;849.031,41;635.491,60;620.103,80;796.178,89;628.202,08;857.103,52;627.115,23;577.462,05;569.700,09;0,00;0,00;1.673.745,68;1.282.441,67;1.590.811,35;1.548.482,30;1.214.295,28;2.298.391,19;0;0
17180120000000000000;1.7.1.8.01.2.0.00.00.00;201;772.681,65;848.744,53;635.491,60;619.992,00;795.651,68;626.733,10;515.465,92;625.591,85;556.869,01;512.670,22;0,00;0,00;1.672.269,61;1.281.941,62;1.586.773,48;1.200.571,38;1.167.507,15;1.936.600,76;0;0
17180121000000000000;1.7.1.8.01.2.1.00.00.00;201;772.681,65;848.744,53;635.491,60;619.992,00;795.651,68;626.733,10;515.465,92;625.591,85;556.869,01;512.670,22;0,00;0,00;1.672.269,61;1.281.941,62;1.586.773,48;1.200.571,38;1.167.507,15;1.936.600,76;0;0
17180121010000000000;1.7.1.8.01.2.1.01.00.00;201;463.608,98;509.246,72;381.294,96;371.995,20;477.391,00;376.039,87;309.279,54;375.355,09;334.121,41;307.602,13;0,00;0,00;1.003.361,77;769.164,97;952.064,10;720.342,84;700.504,29;1.161.960,43;0;1
17180121020000000000;1.7.1.8.01.2.1.02.00.00;201;38.634,09;42.437,23;31.774,58;30.999,60;39.782,58;31.336,65;25.773,30;31.279,60;27.843,45;25.633,52;0,00;0,00;83.613,48;64.097,08;79.338,67;60.028,57;58.375,36;96.830,04;0;20
17180121030000000000;1.7.1.8.01.2.1.03.00.00;201;115.902,25;127.311,68;95.323,74;92.998,80;119.347,76;94.009,96;77.319,89;93.838,78;83.530,35;76.900,53;0,00;0,00;250.840,44;192.291,24;238.016,02;180.085,70;175.126,07;290.490,13;0;40
17180121040000000000;1.7.1.8.01.2.1.04.00.00;201;154.536,33;169.748,90;127.098,32;123.998,40;159.130,34;125.346,62;103.093,19;125.118,38;111.373,80;102.534,04;0,00;0,00;334.453,92;256.388,33;317.354,69;240.114,27;233.501,43;387.320,16;0;31
17180130000000000000;1.7.1.8.01.3.0.00.00.00;201;0,00;0,00;0,00;0,00;0,00;0,00;0,00;0,00;0,00;0,00;0,00;0,00;0,00;0,00;0,00;0,00;0,00;351.095,00;0;0
17180131000000000000;1.7.1.8.01.3.1.00.00.00;201;0,00;0,00;0,00;0,00;0,00;0,00;0,00;0,00;0,00;0,00;0,00;0,00;0,00;0,00;0,00;0,00;0,00;351.095,00;0;0
17180131010000000000;1.7.1.8.01.3.1.01.00.00;201;0,00;0,00;0,00;0,00;0,00;0,00;0,00;0,00;0,00;0,00;0,00;0,00;0,00;0,00;0,00;0,00;0,00;210.657,00;0;1
17180131020000000000;1.7.1.8.01.3.1.02.00.00;201;0,00;0,00;0,00;0,00;0,00;0,00;0,00;0,00;0,00;0,00;0,00;0,00;0,00;0,00;0,00;0,00;0,00;87.773,75;0;20
17180131030000000000;1.7.1.8.01.3.1.03.00.00;201;0,00;0,00;0,00;0,00;0,00;0,00;0,00;0,00;0,00;0,00;0,00;0,00;0,00;0,00;0,00;0,00;0,00;52.664,25;0;40
17180140000000000000;1.7.1.8.01.4.0.00.00.00;201;0,00;0,00;0,00;0,00;0,00;0,00;341.589,25;0,00;0,00;0,00;0,00;0,00;0,00;0,00;0,00;347.497,00;0,00;0,00;0;0
17180141000000000000;1.7.1.8.01.4.1.00.00.00;201;0,00;0,00;0,00;0,00;0,00;0,00;341.589,25;0,00;0,00;0,00;0,00;0,00;0,00;0,00;0,00;347.497,00;0,00;0,00;0;0
17180141010000000000;1.7.1.8.01.4.1.01.00.00;201;0,00;0,00;0,00;0,00;0,00;0,00;204.953,55;0,00;0,00;0,00;0,00;0,00;0,00;0,00;0,00;208.498,20;0,00;0,00;0;1
17180141020000000000;1.7.1.8.01.4.1.02.00.00;201;0,00;0,00;0,00;0,00;0,00;0,00;85.397,31;0,00;0,00;0,00;0,00;0,00;0,00;0,00;0,00;86.874,25;0,00;0,00;0;20
17180141030000000000;1.7.1.8.01.4.1.03.00.00;201;0,00;0,00;0,00;0,00;0,00;0,00;51.238,39;0,00;0,00;0,00;0,00;0,00;0,00;0,00;0,00;52.124,55;0,00;0,00;0;40
17180150000000000000;1.7.1.8.01.5.0.00.00.00;201;3.579,21;286,88;0,00;111,80;527,21;1.468,98;48,35;1.523,38;20.593,04;57.029,87;0,00;0,00;1.476,07;500,05;4.037,87;413,92;46.788,13;10.695,43;0;0
17180151000000000000;1.7.1.8.01.5.1.00.00.00;201;3.579,21;286,88;0,00;111,80;527,21;1.468,98;48,35;1.523,38;20.593,04;57.029,87;0,00;0,00;1.476,07;500,05;4.037,87;413,92;46.788,13;10.695,43;0;0
17180151010000000000;1.7.1.8.01.5.1.01.00.00;201;2.147,52;172,12;0,00;67,08;316,31;881,38;29,01;914,04;12.355,81;34.217,94;0,00;0,00;885,63;300,03;2.422,72;248,37;28.072,89;6.417,25;0;1
17180151020000000000;1.7.1.8.01.5.1.02.00.00;201;178,96;14,34;0,00;5,59;26,37;73,45;2,42;76,16;1.029,66;2.851,48;0,00;0,00;73,81;25,00;201,90;20,69;2.339,40;534,77;0;20
17180151030000000000;1.7.1.8.01.5.1.03.00.00;201;536,88;43,04;0,00;16,77;79,09;220,35;7,25;228,51;3.088,96;8.554,47;0,00;0,00;221,42;75,01;605,68;62,08;7.018,22;1.604,31;0;40
17180151040000000000;1.7.1.8.01.5.1.04.00.00;201;715,85;57,38;0,00;22,36;105,44;293,80;9,67;304,67;4.118,61;11.405,98;0,00;0,00;295,21;100,01;807,57;82,78;9.357,62;2.139,10;0;31
17180200000000000000;1.7.1.8.02.0.0.00.00.00;201;9.782,84;9.614,89;9.354,46;8.625,55;10.959,94;11.095,95;12.081,88;9.599,63;10.552,64;10.430,12;0,00;0,00;23.755,07;22.165,17;22.684,23;27.121,08;26.458,44;25.085,81;0;0
17180220000000000000;1.7.1.8.02.2.0.00.00.00;201;0,00;0,00;0,00;130,75;0,00;0,00;0,00;0,00;0,00;0,00;0,00;0,00;0,00;0,00;0,00;0,00;0,00;0,00;0;0
17180221000000000000;1.7.1.8.02.2.1.00.00.00;201;0,00;0,00;0,00;130,75;0,00;0,00;0,00;0,00;0,00;0,00;0,00;0,00;0,00;0,00;0,00;0,00;0,00;0,00;0;1
17180260000000000000;1.7.1.8.02.6.0.00.00.00;201;9.782,84;9.614,89;9.354,46;8.494,80;10.959,94;11.095,95;12.081,88;9.599,63;10.552,64;10.430,12;0,00;0,00;23.755,07;22.165,17;22.684,23;27.121,08;26.458,44;25.085,81;0;0
17180261000000000000;1.7.1.8.02.6.1.00.00.00;201;9.782,84;9.614,89;9.354,46;8.494,80;10.959,94;11.095,95;12.081,88;9.599,63;10.552,64;10.430,12;0,00;0,00;23.755,07;22.165,17;22.684,23;27.121,08;26.458,44;25.085,81;0;1
17180300000000000000;1.7.1.8.03.0.0.00.00.00;201;24.008,46;72.631,65;72.631,65;76.631,65;73.855,65;73.422,86;72.422,86;72.422,86;74.422,86;102.813,86;0,00;0,00;114.910,58;117.118,07;114.910,58;114.910,58;114.910,58;114.910,63;0;0
17180310000000000000;1.7.1.8.03.1.0.00.00.00;201;20.150,16;63.740,16;63.740,16;63.740,16;63.740,16;63.531,37;63.531,37;63.531,37;63.531,37;81.783,31;0,00;0,00;100.477,16;100.477,16;100.477,16;100.477,16;100.477,16;100.477,16;0;0
17180311000000000000;1.7.1.8.03.1.1.00.00.00;201;20.150,16;63.740,16;63.740,16;63.740,16;63.740,16;63.531,37;63.531,37;63.531,37;63.531,37;81.783,31;0,00;0,00;100.477,16;100.477,16;100.477,16;100.477,16;100.477,16;100.477,16;0;4500
17180320000000000000;1.7.1.8.03.2.0.00.00.00;201;735,83;735,83;735,83;735,83;959,83;735,83;735,83;735,83;735,83;735,83;0,00;0,00;0,00;2.207,49;0,00;0,00;0,00;0,00;0;0
17180321000000000000;1.7.1.8.03.2.1.00.00.00;201;735,83;735,83;735,83;735,83;959,83;735,83;735,83;735,83;735,83;735,83;0,00;0,00;0,00;2.207,49;0,00;0,00;0,00;0,00;0;4501
17180330000000000000;1.7.1.8.03.3.0.00.00.00;201;0,00;5.033,19;5.033,19;9.033,19;6.033,19;6.033,19;5.033,19;5.033,19;7.033,19;17.172,25;0,00;0,00;8.681,00;8.681,00;8.681,00;8.681,00;8.681,00;8.681,01;0;0
17180331000000000000;1.7.1.8.03.3.1.00.00.00;201;0,00;5.033,19;5.033,19;9.033,19;6.033,19;6.033,19;5.033,19;5.033,19;7.033,19;17.172,25;0,00;0,00;8.681,00;8.681,00;8.681,00;8.681,00;8.681,00;8.681,01;0;4502
17180340000000000000;1.7.1.8.03.4.0.00.00.00;201;3.122,47;3.122,47;3.122,47;3.122,47;3.122,47;3.122,47;3.122,47;3.122,47;3.122,47;3.122,47;0,00;0,00;5.752,42;5.752,42;5.752,42;5.752,42;5.752,42;5.752,46;0;0
17180341000000000000;1.7.1.8.03.4.1.00.00.00;201;3.122,47;3.122,47;3.122,47;3.122,47;3.122,47;3.122,47;3.122,47;3.122,47;3.122,47;3.122,47;0,00;0,00;5.752,42;5.752,42;5.752,42;5.752,42;5.752,42;5.752,46;0;4503
17180500000000000000;1.7.1.8.05.0.0.00.00.00;201;26.716,79;34.165,11;29.008,01;24.525,15;32.803,15;31.666,06;32.630,53;24.261,86;28.740,93;27.762,32;0,00;0,00;59.367,04;57.385,12;57.460,34;57.915,79;58.389,25;46.020,16;0;0
17180510000000000000;1.7.1.8.05.1.0.00.00.00;201;26.716,79;23.889,67;18.732,57;18.517,35;18.260,07;21.398,26;16.457,45;16.834,06;16.835,49;16.066,88;0,00;0,00;49.106,56;36.864,16;36.115,58;36.296,43;36.624,49;35.759,68;0;0
17180511000000000000;1.7.1.8.05.1.1.00.00.00;201;26.716,79;23.889,67;18.732,57;18.517,35;18.260,07;21.398,26;16.457,45;16.834,06;16.835,49;16.066,88;0,00;0,00;49.106,56;36.864,16;36.115,58;36.296,43;36.624,49;35.759,68;0;1014
17180520000000000000;1.7.1.8.05.2.0.00.00.00;201;0,00;0,00;0,00;0,00;0,00;0,00;210,00;0,00;210,00;0,00;0,00;0,00;0,00;0,00;0,00;0,00;420,00;0,00;0;0
17180521000000000000;1.7.1.8.05.2.1.00.00.00;201;0,00;0,00;0,00;0,00;0,00;0,00;210,00;0,00;210,00;0,00;0,00;0,00;0,00;0,00;0,00;0,00;420,00;0,00;0;1036
17180530000000000000;1.7.1.8.05.3.0.00.00.00;201;0,00;6.007,80;6.007,80;6.007,80;6.007,80;10.267,80;7.427,80;7.427,80;7.427,80;7.427,80;0,00;0,00;6.098,40;12.196,80;13.020,60;13.295,20;13.020,60;6.098,40;0;0
17180531000000000000;1.7.1.8.05.3.1.00.00.00;201;0,00;6.007,80;6.007,80;6.007,80;6.007,80;10.267,80;7.427,80;7.427,80;7.427,80;7.427,80;0,00;0,00;6.098,40;12.196,80;13.020,60;13.295,20;13.020,60;6.098,40;0;0
17180531010000000000;1.7.1.8.05.3.1.01.00.00;201;0,00;2.534,40;2.534,40;2.534,40;2.534,40;2.534,40;2.534,40;2.534,40;2.534,40;2.534,40;0,00;0,00;2.498,40;4.996,80;4.996,80;4.996,80;4.996,80;2.498,40;0;1001
17180531020000000000;1.7.1.8.05.3.1.02.00.00;201;0,00;2.011,60;2.011,60;2.011,60;2.011,60;2.011,60;2.011,60;2.011,60;2.011,60;2.011,60;0,00;0,00;2.256,00;4.512,00;4.512,00;4.512,00;4.512,00;2.256,00;0;1031
17180531030000000000;1.7.1.8.05.3.1.03.00.00;201;0,00;1.187,20;1.187,20;1.187,20;1.187,20;1.187,20;1.187,20;1.187,20;1.187,20;1.187,20;0,00;0,00;1.344,00;2.688,00;2.688,00;2.688,00;2.688,00;1.344,00;0;1033
17180531040000000000;1.7.1.8.05.3.1.04.00.00;201;0,00;179,20;179,20;179,20;179,20;179,20;179,20;179,20;179,20;179,20;0,00;0,00;0,00;0,00;537,60;716,80;537,60;0,00;0;1059
17180531050000000000;1.7.1.8.05.3.1.05.00.00;201;0,00;95,40;95,40;95,40;95,40;95,40;95,40;95,40;95,40;95,40;0,00;0,00;0,00;0,00;286,20;381,60;286,20;0,00;0;1071
17180531060000000000;1.7.1.8.05.3.1.06.00.00;201;0,00;0,00;0,00;0,00;0,00;4.260,00;1.420,00;1.420,00;1.420,00;1.420,00;0,00;0,00;0,00;0,00;0,00;0,00;0,00;0,00;0;1070
17180540000000000000;1.7.1.8.05.4.0.00.00.00;201;0,00;4.267,64;4.267,64;0,00;8.535,28;0,00;8.535,28;0,00;4.267,64;4.267,64;0,00;0,00;4.162,08;8.324,16;8.324,16;8.324,16;8.324,16;4.162,08;0;0
17180541000000000000;1.7.1.8.05.4.1.00.00.00;201;0,00;4.267,64;4.267,64;0,00;8.535,28;0,00;8.535,28;0,00;4.267,64;4.267,64;0,00;0,00;4.162,08;8.324,16;8.324,16;8.324,16;8.324,16;4.162,08;0;1016
17180600000000000000;1.7.1.8.06.0.0.00.00.00;201;0,00;0,00;0,00;0,00;0,00;0,00;0,00;0,00;0,00;0,00;0,00;0,00;8.324,28;8.324,28;8.324,28;8.324,28;8.324,28;8.324,22;0;0
17180610000000000000;1.7.1.8.06.1.0.00.00.00;201;0,00;0,00;0,00;0,00;0,00;0,00;0,00;0,00;0,00;0,00;0,00;0,00;8.324,28;8.324,28;8.324,28;8.324,28;8.324,28;8.324,22;0;0
17180611000000000000;1.7.1.8.06.1.1.00.00.00;201;0,00;0,00;0,00;0,00;0,00;0,00;0,00;0,00;0,00;0,00;0,00;0,00;8.324,28;8.324,28;8.324,28;8.324,28;8.324,28;8.324,22;0;0
17180611010000000000;1.7.1.8.06.1.1.01.00.00;201;0,00;0,00;0,00;0,00;0,00;0,00;0,00;0,00;0,00;0,00;0,00;0,00;4.994,56;4.994,56;4.994,56;4.994,56;4.994,56;4.994,58;0;1
17180611020000000000;1.7.1.8.06.1.1.02.00.00;201;0,00;0,00;0,00;0,00;0,00;0,00;0,00;0,00;0,00;0,00;0,00;0,00;416,22;416,22;416,22;416,22;416,22;416,18;0;20
17180611030000000000;1.7.1.8.06.1.1.03.00.00;201;0,00;0,00;0,00;0,00;0,00;0,00;0,00;0,00;0,00;0,00;0,00;0,00;1.248,64;1.248,64;1.248,64;1.248,64;1.248,64;1.248,64;0;40
17180611040000000000;1.7.1.8.06.1.1.04.00.00;201;0,00;0,00;0,00;0,00;0,00;0,00;0,00;0,00;0,00;0,00;0,00;0,00;1.664,86;1.664,86;1.664,86;1.664,86;1.664,86;1.664,82;0;31
17180800000000000000;1.7.1.8.08.0.0.00.00.00;201;0,00;0,00;0,00;0,00;0,00;0,00;0,00;50.000,00;0,00;0,00;0,00;0,00;0,00;0,00;0,00;50.000,00;0,00;0,00;0;0
17180810000000000000;1.7.1.8.08.1.0.00.00.00;201;0,00;0,00;0,00;0,00;0,00;0,00;0,00;50.000,00;0,00;0,00;0,00;0,00;0,00;0,00;0,00;50.000,00;0,00;0,00;0;0
17180811000000000000;1.7.1.8.08.1.1.00.00.00;201;0,00;0,00;0,00;0,00;0,00;0,00;0,00;50.000,00;0,00;0,00;0,00;0,00;0,00;0,00;0,00;50.000,00;0,00;0,00;0;0
17180811010000000000;1.7.1.8.08.1.1.01.00.00;201;0,00;0,00;0,00;0,00;0,00;0,00;0,00;50.000,00;0,00;0,00;0,00;0,00;0,00;0,00;0,00;50.000,00;0,00;0,00;0;4500
17181200000000000000;1.7.1.8.12.0.0.00.00.00;201;1.533,70;7.491,75;0,00;1.573,80;1.559,31;16.407,23;1.454,30;1.469,50;1.453,31;14.625,00;0,00;0,00;17.893,20;17.893,20;17.893,20;17.893,20;17.893,20;17.893,12;0;0
17181210000000000000;1.7.1.8.12.1.0.00.00.00;201;1.533,70;7.491,75;0,00;1.573,80;1.559,31;16.407,23;1.454,30;1.469,50;1.453,31;14.625,00;0,00;0,00;17.893,20;17.893,20;17.893,20;17.893,20;17.893,20;17.893,12;0;0
17181211000000000000;1.7.1.8.12.1.1.00.00.00;201;1.533,70;7.491,75;0,00;1.573,80;1.559,31;16.407,23;1.454,30;1.469,50;1.453,31;14.625,00;0,00;0,00;17.893,20;17.893,20;17.893,20;17.893,20;17.893,20;17.893,12;0;0
17181211010000000000;1.7.1.8.12.1.1.01.00.00;201;1.533,70;1.491,75;0,00;1.573,80;1.559,31;3.076,40;1.454,30;1.469,50;1.453,31;1.430,00;0,00;0,00;2.767,76;2.767,76;2.767,76;2.767,76;2.767,76;2.767,71;0;1038
17181211020000000000;1.7.1.8.12.1.1.02.00.00;201;0,00;0,00;0,00;0,00;0,00;0,00;0,00;0,00;0,00;0,00;0,00;0,00;254,92;254,92;254,92;254,92;254,92;254,96;0;1067
17181211030000000000;1.7.1.8.12.1.1.03.00.00;201;0,00;0,00;0,00;0,00;0,00;7.330,83;0,00;0,00;0,00;7.195,00;0,00;0,00;6.151,76;6.151,76;6.151,76;6.151,76;6.151,76;6.151,75;0;1021
17181211040000000000;1.7.1.8.12.1.1.04.00.00;201;0,00;6.000,00;0,00;0,00;0,00;6.000,00;0,00;0,00;0,00;6.000,00;0,00;0,00;8.718,76;8.718,76;8.718,76;8.718,76;8.718,76;8.718,70;0;1064
17200000000000000000;1.7.2.0.00.0.0.00.00.00;201;811.427,96;654.078,05;796.978,92;1.115.332,42;736.447,38;796.741,84;889.501,28;742.072,98;791.992,17;952.669,74;0,00;0,00;1.438.956,51;1.759.127,50;1.545.921,55;2.190.518,52;1.475.296,70;1.858.632,25;0;0
17280000000000000000;1.7.2.8.00.0.0.00.00.00;201;811.427,96;654.078,05;796.978,92;1.115.332,42;736.447,38;796.741,84;889.501,28;742.072,98;791.992,17;952.669,74;0,00;0,00;1.438.956,51;1.759.127,50;1.545.921,55;2.190.518,52;1.475.296,70;1.858.632,25;0;0
17280100000000000000;1.7.2.8.01.0.0.00.00.00;201;775.210,08;653.898,05;739.347,66;1.045.768,66;704.417,43;725.350,58;826.770,37;667.847,09;722.116,25;875.856,14;0,00;0,00;1.369.685,30;1.655.954,38;1.445.433,39;2.075.986,98;1.360.173,08;1.664.148,98;0;0
17280110000000000000;1.7.2.8.01.1.0.00.00.00;201;618.821,70;610.146,58;676.733,00;859.374,85;622.647,46;692.008,13;799.594,24;642.362,41;706.395,54;854.815,91;0,00;0,00;1.165.543,01;1.383.658,25;1.350.546,25;2.031.803,37;1.322.880,41;1.576.941,88;0;0
17280111000000000000;1.7.2.8.01.1.1.00.00.00;201;618.821,70;610.146,58;676.733,00;859.374,85;622.647,46;692.008,13;799.594,24;642.362,41;706.395,54;854.815,91;0,00;0,00;1.165.543,01;1.383.658,25;1.350.546,25;2.031.803,37;1.322.880,41;1.576.941,88;0;0
17280111010000000000;1.7.2.8.01.1.1.01.00.00;201;371.293,00;366.087,96;406.039,80;515.624,90;373.588,48;415.204,87;479.756,54;385.417,46;423.837,33;512.889,53;0,00;0,00;699.325,81;830.194,94;810.327,76;1.456.682,03;793.728,25;946.165,11;0;1
17280111020000000000;1.7.2.8.01.1.1.02.00.00;201;30.941,09;30.507,32;33.836,65;42.968,75;31.132,37;34.600,41;39.979,71;32.118,12;35.319,77;42.740,80;0,00;0,00;58.277,15;69.182,92;67.527,31;71.890,17;66.144,02;78.847,09;0;20
17280111030000000000;1.7.2.8.01.1.1.03.00.00;201;92.823,26;91.521,98;101.509,95;128.906,23;93.397,12;103.801,22;119.939,14;96.354,35;105.959,33;128.222,39;0,00;0,00;174.831,45;207.548,74;202.581,93;215.670,50;198.432,06;236.541,30;0;40
17280111040000000000;1.7.2.8.01.1.1.04.00.00;201;123.764,35;122.029,32;135.346,60;171.874,97;124.529,49;138.401,63;159.918,85;128.472,48;141.279,11;170.963,19;0,00;0,00;233.108,60;276.731,65;270.109,25;287.560,67;264.576,08;315.388,38;0;31
17280120000000000000;1.7.2.8.01.2.0.00.00.00;201;141.251,34;34.267,37;52.183,36;172.166,51;71.804,33;22.469,32;13.346,62;15.956,03;6.700,44;3.854,66;0,00;0,00;180.717,81;248.871,65;73.791,30;20.759,13;13.868,19;66.111,31;0;0
17280121000000000000;1.7.2.8.01.2.1.00.00.00;201;141.251,34;34.267,37;52.183,36;172.166,51;71.804,33;22.469,32;13.346,62;15.956,03;6.700,44;3.854,66;0,00;0,00;180.717,81;248.871,65;73.791,30;20.759,13;13.868,19;66.111,31;0;0
17280121010000000000;1.7.2.8.01.2.1.01.00.00;201;84.750,79;20.560,39;31.309,96;103.299,87;43.082,57;13.481,58;8.007,93;9.573,61;4.020,25;2.312,76;0,00;0,00;108.430,69;149.323,00;44.274,77;12.455,47;8.320,92;39.666,78;0;1
17280121020000000000;1.7.2.8.01.2.1.02.00.00;201;7.062,56;1.713,38;2.609,19;8.608,33;3.590,19;1.123,46;667,36;797,80;335,03;192,75;0,00;0,00;9.035,89;12.443,58;3.689,57;1.037,96;693,41;3.305,56;0;20
17280121030000000000;1.7.2.8.01.2.1.03.00.00;201;21.187,69;5.140,11;7.827,53;25.824,99;10.770,65;3.370,40;2.001,99;2.393,40;1.005,07;578,21;0,00;0,00;27.107,67;37.330,74;11.068,70;3.113,87;2.080,22;9.916,71;0;40
17280121040000000000;1.7.2.8.01.2.1.04.00.00;201;28.250,30;6.853,49;10.436,68;34.433,32;14.360,92;4.493,88;2.669,34;3.191,22;1.340,09;770,94;0,00;0,00;36.143,56;49.774,33;14.758,26;4.151,83;2.773,64;13.222,26;0;31
17280130000000000000;1.7.2.8.01.3.0.00.00.00;201;12.625,77;9.484,10;10.431,30;11.844,66;9.965,64;10.873,13;11.600,48;9.528,65;9.020,27;15.007,46;0,00;0,00;21.095,84;21.095,84;21.095,84;21.095,84;21.095,84;21.095,79;0;0
17280131000000000000;1.7.2.8.01.3.1.00.00.00;201;12.625,77;9.484,10;10.431,30;11.844,66;9.965,64;10.873,13;11.600,48;9.528,65;9.020,27;15.007,46;0,00;0,00;21.095,84;21.095,84;21.095,84;21.095,84;21.095,84;21.095,79;0;0
17280131010000000000;1.7.2.8.01.3.1.01.00.00;201;7.575,46;5.690,45;6.258,77;7.106,79;5.979,38;6.523,87;6.960,28;5.717,19;5.412,17;9.004,45;0,00;0,00;12.657,50;12.657,50;12.657,50;12.657,50;12.657,50;12.657,49;0;1
17280131020000000000;1.7.2.8.01.3.1.02.00.00;201;631,29;474,21;521,57;592,23;498,28;543,66;580,03;476,43;451,01;750,38;0,00;0,00;1.054,80;1.054,80;1.054,80;1.054,80;1.054,80;1.054,75;0;20
17280131030000000000;1.7.2.8.01.3.1.03.00.00;201;1.893,87;1.422,62;1.564,69;1.776,70;1.494,85;1.630,97;1.740,07;1.429,30;1.353,04;2.251,13;0,00;0,00;3.164,38;3.164,38;3.164,38;3.164,38;3.164,38;3.164,35;0;40
17280131040000000000;1.7.2.8.01.3.1.04.00.00;201;2.525,15;1.896,82;2.086,27;2.368,94;1.993,13;2.174,63;2.320,10;1.905,73;1.804,05;3.001,50;0,00;0,00;4.219,16;4.219,16;4.219,16;4.219,16;4.219,16;4.219,20;0;31
17280140000000000000;1.7.2.8.01.4.0.00.00.00;201;2.511,27;0,00;0,00;2.382,64;0,00;0,00;2.229,03;0,00;0,00;2.178,11;0,00;0,00;2.328,64;2.328,64;0,00;2.328,64;2.328,64;0,00;0;0
17280141000000000000;1.7.2.8.01.4.1.00.00.00;201;2.511,27;0,00;0,00;2.382,64;0,00;0,00;2.229,03;0,00;0,00;2.178,11;0,00;0,00;2.328,64;2.328,64;0,00;2.328,64;2.328,64;0,00;0;1018
17280300000000000000;1.7.2.8.03.0.0.00.00.00;201;4.000,00;180,00;25.781,31;37.661,31;180,00;39.541,31;30.880,96;42.375,94;30.058,91;44.963,65;0,00;0,00;39.356,22;43.356,22;40.671,26;54.714,64;55.306,72;156.601,20;0;0
17280310000000000000;1.7.2.8.03.1.0.00.00.00;201;4.000,00;180,00;25.781,31;37.661,31;180,00;39.541,31;30.880,96;42.375,94;30.058,91;44.963,65;0,00;0,00;39.356,22;43.356,22;40.671,26;54.714,64;55.306,72;156.601,20;0;0
17280311000000000000;1.7.2.8.03.1.1.00.00.00;201;4.000,00;180,00;25.781,31;37.661,31;180,00;39.541,31;30.880,96;42.375,94;30.058,91;44.963,65;0,00;0,00;39.356,22;43.356,22;40.671,26;54.714,64;55.306,72;156.601,20;0;0
17280311010000000000;1.7.2.8.03.1.1.01.00.00;201;0,00;180,00;12.460,69;12.460,69;180,00;12.280,69;12.460,34;24.705,32;12.538,29;18.694,57;0,00;0,00;0,00;0,00;0,00;0,00;0,00;117.244,95;0;4011
17280311020000000000;1.7.2.8.03.1.1.02.00.00;201;0,00;0,00;10.000,00;10.000,00;0,00;16.000,00;10.000,00;10.000,00;10.000,00;10.000,00;0,00;0,00;30.000,00;30.000,00;30.000,00;30.000,00;30.000,00;30.000,00;0;4090
17280311030000000000;1.7.2.8.03.1.1.03.00.00;201;0,00;0,00;0,00;0,00;0,00;0,00;0,00;0,00;0,00;0,00;0,00;0,00;2.488,52;2.488,52;2.488,52;2.488,52;2.488,52;2.488,55;0;4090
17280311040000000000;1.7.2.8.03.1.1.04.00.00;201;0,00;0,00;1.320,62;1.320,62;0,00;1.320,62;1.320,62;1.320,62;1.320,62;4.622,17;0,00;0,00;2.201,04;2.201,04;2.201,04;2.201,04;2.201,04;2.201,00;0;4050
17280311050000000000;1.7.2.8.03.1.1.05.00.00;201;0,00;0,00;2.000,00;2.000,00;0,00;4.000,00;2.000,00;2.000,00;2.000,00;4.000,00;0,00;0,00;4.666,66;4.666,66;4.666,66;4.666,66;4.666,66;4.666,70;0;4160
17280311060000000000;1.7.2.8.03.1.1.06.00.00;201;4.000,00;0,00;0,00;0,00;0,00;0,00;0,00;0,00;0,00;0,00;0,00;0,00;0,00;4.000,00;0,00;0,00;0,00;0,00;0;4190
17280311070000000000;1.7.2.8.03.1.1.07.00.00;201;0,00;0,00;0,00;11.880,00;0,00;5.940,00;5.100,00;4.350,00;4.200,00;4.800,00;0,00;0,00;0,00;0,00;1.315,04;15.358,42;15.950,50;0,00;0;4050
17280311080000000000;1.7.2.8.03.1.1.08.00.00;201;0,00;0,00;0,00;0,00;0,00;0,00;0,00;0,00;0,00;2.846,91;0,00;0,00;0,00;0,00;0,00;0,00;0,00;0,00;0;4300
17281000000000000000;1.7.2.8.10.0.0.00.00.00;201;32.217,88;0,00;31.849,95;31.849,95;31.849,95;31.849,95;31.849,95;31.849,95;39.817,01;31.849,95;0,00;0,00;29.901,91;59.803,82;59.803,82;59.803,82;59.803,82;37.869,01;0;0
17281020000000000000;1.7.2.8.10.2.0.00.00.00;201;32.217,88;0,00;31.849,95;31.849,95;31.849,95;31.849,95;31.849,95;31.849,95;31.849,95;31.849,95;0,00;0,00;29.901,91;59.803,82;59.803,82;59.803,82;59.803,82;29.901,95;0;0
17281021000000000000;1.7.2.8.10.2.1.00.00.00;201;32.217,88;0,00;31.849,95;31.849,95;31.849,95;31.849,95;31.849,95;31.849,95;31.849,95;31.849,95;0,00;0,00;29.901,91;59.803,82;59.803,82;59.803,82;59.803,82;29.901,95;0;0
17281021010000000000;1.7.2.8.10.2.1.01.00.00;201;32.217,88;0,00;31.849,95;31.849,95;31.849,95;31.849,95;31.849,95;31.849,95;31.849,95;31.849,95;0,00;0,00;29.901,91;59.803,82;59.803,82;59.803,82;59.803,82;29.901,95;0;0
17281021010100000000;1.7.2.8.10.2.1.01.01.00;201;32.217,88;0,00;31.849,95;31.849,95;31.849,95;31.849,95;31.849,95;31.849,95;31.849,95;31.849,95;0,00;0,00;29.901,91;59.803,82;59.803,82;59.803,82;59.803,82;29.901,95;0;1017
17281090000000000000;1.7.2.8.10.9.0.00.00.00;201;0,00;0,00;0,00;0,00;0,00;0,00;0,00;0,00;7.967,06;0,00;0,00;0,00;0,00;0,00;0,00;0,00;0,00;7.967,06;0;0
17281091000000000000;1.7.2.8.10.9.1.00.00.00;201;0,00;0,00;0,00;0,00;0,00;0,00;0,00;0,00;7.967,06;0,00;0,00;0,00;0,00;0,00;0,00;0,00;0,00;7.967,06;0;0
17281091070000000000;1.7.2.8.10.9.1.07.00.00;201;0,00;0,00;0,00;0,00;0,00;0,00;0,00;0,00;7.967,06;0,00;0,00;0,00;0,00;0,00;0,00;0,00;0,00;7.967,06;0;1103
17289900000000000000;1.7.2.8.99.0.0.00.00.00;201;0,00;0,00;0,00;52,50;0,00;0,00;0,00;0,00;0,00;0,00;0,00;0,00;13,08;13,08;13,08;13,08;13,08;13,06;0;0
17289910000000000000;1.7.2.8.99.1.0.00.00.00;201;0,00;0,00;0,00;52,50;0,00;0,00;0,00;0,00;0,00;0,00;0,00;0,00;13,08;13,08;13,08;13,08;13,08;13,06;0;0
17289911000000000000;1.7.2.8.99.1.1.00.00.00;201;0,00;0,00;0,00;52,50;0,00;0,00;0,00;0,00;0,00;0,00;0,00;0,00;13,08;13,08;13,08;13,08;13,08;13,06;0;0
17289911010000000000;1.7.2.8.99.1.1.01.00.00;201;0,00;0,00;0,00;52,50;0,00;0,00;0,00;0,00;0,00;0,00;0,00;0,00;13,08;13,08;13,08;13,08;13,08;13,06;0;1114
17400000000000000000;1.7.4.0.00.0.0.00.00.00;201;0,00;8.000,00;0,00;8.391,77;0,00;0,00;5.023,02;0,00;0,00;0,00;0,00;0,00;0,00;0,00;0,00;0,00;4.833,31;0,00;0;0
17400010000000000000;1.7.4.0.00.1.0.00.00.00;201;0,00;0,00;0,00;8.391,77;0,00;0,00;5.023,02;0,00;0,00;0,00;0,00;0,00;0,00;0,00;0,00;0,00;4.833,31;0,00;0;0
17400011000000000000;1.7.4.0.00.1.1.00.00.00;201;0,00;0,00;0,00;8.391,77;0,00;0,00;5.023,02;0,00;0,00;0,00;0,00;0,00;0,00;0,00;0,00;0,00;4.833,31;0,00;0;0
17400011010000000000;1.7.4.0.00.1.1.01.00.00;201;0,00;0,00;0,00;8.391,77;0,00;0,00;5.023,02;0,00;0,00;0,00;0,00;0,00;0,00;0,00;0,00;0,00;4.833,31;0,00;0;1050
17480000000000000000;1.7.4.8.00.0.0.00.00.00;201;0,00;8.000,00;0,00;0,00;0,00;0,00;0,00;0,00;0,00;0,00;0,00;0,00;0,00;0,00;0,00;0,00;0,00;0,00;0;0
17481000000000000000;1.7.4.8.10.0.0.00.00.00;201;0,00;8.000,00;0,00;0,00;0,00;0,00;0,00;0,00;0,00;0,00;0,00;0,00;0,00;0,00;0,00;0,00;0,00;0,00;0;0
17481010000000000000;1.7.4.8.10.1.0.00.00.00;201;0,00;8.000,00;0,00;0,00;0,00;0,00;0,00;0,00;0,00;0,00;0,00;0,00;0,00;0,00;0,00;0,00;0,00;0,00;0;0
17481011000000000000;1.7.4.8.10.1.1.00.00.00;201;0,00;8.000,00;0,00;0,00;0,00;0,00;0,00;0,00;0,00;0,00;0,00;0,00;0,00;0,00;0,00;0,00;0,00;0,00;0;0
17481011010000000000;1.7.4.8.10.1.1.01.00.00;201;0,00;8.000,00;0,00;0,00;0,00;0,00;0,00;0,00;0,00;0,00;0,00;0,00;0,00;0,00;0,00;0,00;0,00;0,00;0;1
17500000000000000000;1.7.5.0.00.0.0.00.00.00;201;266.176,79;222.071,38;237.958,89;248.756,60;257.186,05;197.939,51;223.245,80;223.391,88;196.794,66;234.403,28;0,00;0,00;461.304,13;468.788,84;447.872,75;407.703,07;486.309,38;460.794,15;0;0
17580000000000000000;1.7.5.8.00.0.0.00.00.00;201;266.176,79;222.071,38;237.958,89;248.756,60;257.186,05;197.939,51;223.245,80;223.391,88;196.794,66;234.403,28;0,00;0,00;461.304,13;468.788,84;447.872,75;407.703,07;486.309,38;460.794,15;0;0
17580100000000000000;1.7.5.8.01.0.0.00.00.00;201;265.953,40;222.071,38;237.958,89;248.756,60;257.186,05;197.939,51;223.245,80;223.391,88;196.794,66;234.403,28;0,00;0,00;461.304,13;468.788,84;447.872,75;407.703,07;486.309,38;460.794,15;0;0
17580110000000000000;1.7.5.8.01.1.0.00.00.00;201;265.953,40;222.071,38;237.958,89;248.756,60;257.186,05;197.939,51;223.245,80;223.391,88;196.794,66;234.403,28;0,00;0,00;461.304,13;468.788,84;447.872,75;407.703,07;486.309,38;460.794,15;0;0
17580111000000000000;1.7.5.8.01.1.1.00.00.00;201;265.953,40;222.071,38;237.958,89;248.756,60;257.186,05;197.939,51;223.245,80;223.391,88;196.794,66;234.403,28;0,00;0,00;461.304,13;468.788,84;447.872,75;407.703,07;486.309,38;460.794,15;0;31
17589900000000000000;1.7.5.8.99.0.0.00.00.00;201;223,39;0,00;0,00;0,00;0,00;0,00;0,00;0,00;0,00;0,00;0,00;0,00;0,00;0,00;0,00;0,00;0,00;0,00;0;0
17589910000000000000;1.7.5.8.99.1.0.00.00.00;201;223,39;0,00;0,00;0,00;0,00;0,00;0,00;0,00;0,00;0,00;0,00;0,00;0,00;0,00;0,00;0,00;0,00;0,00;0;0
17589911000000000000;1.7.5.8.99.1.1.00.00.00;201;223,39;0,00;0,00;0,00;0,00;0,00;0,00;0,00;0,00;0,00;0,00;0,00;0,00;0,00;0,00;0,00;0,00;0,00;0;0
17589911010000000000;1.7.5.8.99.1.1.01.00.00;201;223,39;0,00;0,00;0,00;0,00;0,00;0,00;0,00;0,00;0,00;0,00;0,00;0,00;0,00;0,00;0,00;0,00;0,00;0;1
19000000000000000000;1.9.0.0.00.0.0.00.00.00;201;5.496,20;6.713,34;7.350,58;53.586,32;11.463,87;32.391,30;8.743,99;9.098,67;9.676,38;10.325,90;0,00;0,00;94.964,34;111.679,40;100.023,10;95.194,72;94.964,34;94.964,33;0;0
19200000000000000000;1.9.2.0.00.0.0.00.00.00;201;4.139,84;2.312,72;3.727,92;49.428,94;6.681,00;27.546,72;3.854,89;4.194,07;4.932,10;4.731,10;0,00;0,00;5.533,84;22.248,90;10.592,60;5.764,22;5.533,84;5.533,80;0;0
19280000000000000000;1.9.2.8.00.0.0.00.00.00;201;4.139,84;2.312,72;3.727,92;49.428,94;6.681,00;27.546,72;3.854,89;4.194,07;4.932,10;4.731,10;0,00;0,00;5.533,84;22.248,90;10.592,60;5.764,22;5.533,84;5.533,80;0;0
19280100000000000000;1.9.2.8.01.0.0.00.00.00;201;3.324,14;2.033,59;2.975,84;3.513,98;3.730,54;3.727,03;3.694,98;3.737,09;4.547,29;4.645,30;0,00;0,00;5.533,84;5.533,84;5.533,84;5.533,84;5.533,84;5.533,80;0;0
19280110000000000000;1.9.2.8.01.1.0.00.00.00;201;3.324,14;2.033,59;2.975,84;3.513,98;3.730,54;3.727,03;3.694,98;3.737,09;4.547,29;4.645,30;0,00;0,00;5.533,84;5.533,84;5.533,84;5.533,84;5.533,84;5.533,80;0;0
19280111000000000000;1.9.2.8.01.1.1.00.00.00;201;3.324,14;2.033,59;2.975,84;3.513,98;3.730,54;3.727,03;3.694,98;3.737,09;4.547,29;4.645,30;0,00;0,00;5.533,84;5.533,84;5.533,84;5.533,84;5.533,84;5.533,80;0;0
19280111010000000000;1.9.2.8.01.1.1.01.00.00;201;3.324,14;2.033,59;2.975,84;3.513,98;3.730,54;3.727,03;3.694,98;3.737,09;4.547,29;4.645,30;0,00;0,00;5.533,84;5.533,84;5.533,84;5.533,84;5.533,84;5.533,80;0;1
19280200000000000000;1.9.2.8.02.0.0.00.00.00;201;815,70;279,13;752,08;45.914,96;2.950,46;23.819,69;159,91;456,98;384,81;85,80;0,00;0,00;0,00;16.715,06;5.058,76;230,38;0,00;0,00;0;0
19280290000000000000;1.9.2.8.02.9.0.00.00.00;201;815,70;279,13;752,08;45.914,96;2.950,46;23.819,69;159,91;456,98;384,81;85,80;0,00;0,00;0,00;16.715,06;5.058,76;230,38;0,00;0,00;0;0
19280291000000000000;1.9.2.8.02.9.1.00.00.00;201;27,54;27,54;598,78;45.567,54;2.530,00;22.960,54;80,54;80,54;209,92;0,00;0,00;0,00;0,00;16.715,06;5.058,76;230,38;0,00;0,00;0;0
19280291020000000000;1.9.2.8.02.9.1.02.00.00;201;0,00;0,00;0,00;45.540,00;2.530,00;22.880,00;0,00;0,00;0,00;0,00;0,00;0,00;0,00;16.715,06;5.058,76;230,38;0,00;0,00;0;1
19280291080000000000;1.9.2.8.02.9.1.08.00.00;201;27,54;27,54;131,67;27,54;0,00;80,54;80,54;80,54;209,92;0,00;0,00;0,00;0,00;0,00;0,00;0,00;0,00;0,00;0;1
19280291090000000000;1.9.2.8.02.9.1.09.00.00;201;0,00;0,00;467,11;0,00;0,00;0,00;0,00;0,00;0,00;0,00;0,00;0,00;0,00;0,00;0,00;0,00;0,00;0,00;0;1
19280292000000000000;1.9.2.8.02.9.2.00.00.00;201;0,00;0,00;0,00;0,00;98,04;0,00;0,00;0,00;0,00;0,00;0,00;0,00;0,00;0,00;0,00;0,00;0,00;0,00;0;0
19280292020000000000;1.9.2.8.02.9.2.02.00.00;201;0,00;0,00;0,00;0,00;98,04;0,00;0,00;0,00;0,00;0,00;0,00;0,00;0,00;0,00;0,00;0,00;0,00;0,00;0;1
19280293000000000000;1.9.2.8.02.9.3.00.00.00;201;499,57;193,21;121,57;277,00;257,59;166,96;65,12;288,29;141,54;65,12;0,00;0,00;0,00;0,00;0,00;0,00;0,00;0,00;0;0
19280293020000000000;1.9.2.8.02.9.3.02.00.00;201;499,57;193,21;51,86;201,78;182,37;166,96;65,12;62,63;141,54;65,12;0,00;0,00;0,00;0,00;0,00;0,00;0,00;0,00;0;1
19280293080000000000;1.9.2.8.02.9.3.08.00.00;201;0,00;0,00;69,71;75,22;75,22;0,00;0,00;225,66;0,00;0,00;0,00;0,00;0,00;0,00;0,00;0,00;0,00;0,00;0;1
19280294000000000000;1.9.2.8.02.9.4.00.00.00;201;288,59;58,38;31,73;70,42;64,83;692,19;14,25;88,15;33,35;20,68;0,00;0,00;0,00;0,00;0,00;0,00;0,00;0,00;0;0
19280294020000000000;1.9.2.8.02.9.4.02.00.00;201;288,59;58,38;18,03;55,64;48,25;692,19;14,25;24,01;33,35;20,68;0,00;0,00;0,00;0,00;0,00;0,00;0,00;0,00;0;1
19280294080000000000;1.9.2.8.02.9.4.08.00.00;201;0,00;0,00;13,70;14,78;16,58;0,00;0,00;64,14;0,00;0,00;0,00;0,00;0,00;0,00;0,00;0,00;0,00;0,00;0;1
19900000000000000000;1.9.9.0.00.0.0.00.00.00;201;1.356,36;4.400,62;3.622,66;4.157,38;4.782,87;4.844,58;4.889,10;4.904,60;4.744,28;5.594,80;0,00;0,00;89.430,50;89.430,50;89.430,50;89.430,50;89.430,50;89.430,53;0;0
19909900000000000000;1.9.9.0.99.0.0.00.00.00;201;1.356,36;4.400,62;3.622,66;4.157,38;4.782,87;4.844,58;4.889,10;4.904,60;4.744,28;5.594,80;0,00;0,00;89.430,50;89.430,50;89.430,50;89.430,50;89.430,50;89.430,53;0;0
19909920000000000000;1.9.9.0.99.2.0.00.00.00;201;1.356,36;4.400,62;3.622,66;4.157,38;4.782,87;4.844,58;4.889,10;4.904,60;4.744,28;5.594,80;0,00;0,00;6.708,14;6.708,14;6.708,14;6.708,14;6.708,14;6.708,14;0;0
19909921000000000000;1.9.9.0.99.2.1.00.00.00;201;1.356,36;4.400,62;3.622,66;4.157,38;4.782,87;4.844,58;4.889,10;4.904,60;4.744,28;5.594,80;0,00;0,00;6.708,14;6.708,14;6.708,14;6.708,14;6.708,14;6.708,14;0;0
19909921020000000000;1.9.9.0.99.2.1.02.00.00;201;1.356,36;4.400,62;3.622,66;4.157,38;4.782,87;4.844,58;4.889,10;4.904,60;4.744,28;5.594,80;0,00;0,00;6.708,14;6.708,14;6.708,14;6.708,14;6.708,14;6.708,14;0;1
19909999000000000000;1.9.9.0.99.9.9.00.00.00;201;0,00;0,00;0,00;0,00;0,00;0,00;0,00;0,00;0,00;0,00;0,00;0,00;82.722,36;82.722,36;82.722,36;82.722,36;82.722,36;82.722,39;0;1
20000000000000000000;2.0.0.0.00.0.0.00.00.00;201;0,00;0,00;73.755,00;0,00;49.170,00;0,00;49.170,00;117.416,83;0,00;234.395,05;0,00;0,00;302.641,88;0,00;245.850,00;0,00;0,00;0,00;0;0
24000000000000000000;2.4.0.0.00.0.0.00.00.00;201;0,00;0,00;73.755,00;0,00;49.170,00;0,00;49.170,00;117.416,83;0,00;234.395,05;0,00;0,00;302.641,88;0,00;245.850,00;0,00;0,00;0,00;0;0
24100000000000000000;2.4.1.0.00.0.0.00.00.00;201;0,00;0,00;73.755,00;0,00;49.170,00;0,00;49.170,00;117.416,83;0,00;234.395,05;0,00;0,00;302.641,88;0,00;245.850,00;0,00;0,00;0,00;0;0
24180000000000000000;2.4.1.8.00.0.0.00.00.00;201;0,00;0,00;73.755,00;0,00;49.170,00;0,00;49.170,00;117.416,83;0,00;234.395,05;0,00;0,00;302.641,88;0,00;245.850,00;0,00;0,00;0,00;0;0
24181000000000000000;2.4.1.8.10.0.0.00.00.00;201;0,00;0,00;73.755,00;0,00;49.170,00;0,00;49.170,00;117.416,83;0,00;234.395,05;0,00;0,00;302.641,88;0,00;245.850,00;0,00;0,00;0,00;0;0
24181070000000000000;2.4.1.8.10.7.0.00.00.00;201;0,00;0,00;73.755,00;0,00;0,00;0,00;49.170,00;0,00;0,00;49.170,00;0,00;0,00;0,00;0,00;245.850,00;0,00;0,00;0,00;0;0
24181071010000000000;2.4.1.8.10.7.1.01.00.00;201;0,00;0,00;73.755,00;0,00;0,00;0,00;49.170,00;0,00;0,00;0,00;0,00;0,00;0,00;0,00;0,00;0,00;0,00;0,00;0;1200
24181071020000000000;2.4.1.8.10.7.1.02.00.00;201;0,00;0,00;0,00;0,00;0,00;0,00;0,00;0,00;0,00;49.170,00;0,00;0,00;0,00;0,00;245.850,00;0,00;0,00;0,00;0;1203
24181090000000000000;2.4.1.8.10.9.0.00.00.00;201;0,00;0,00;0,00;0,00;49.170,00;0,00;0,00;117.416,83;0,00;185.225,05;0,00;0,00;302.641,88;0,00;0,00;0,00;0,00;0,00;0;0
24181091000000000000;2.4.1.8.10.9.1.00.00.00;201;0,00;0,00;0,00;0,00;49.170,00;0,00;0,00;117.416,83;0,00;185.225,05;0,00;0,00;302.641,88;0,00;0,00;0,00;0,00;0,00;0;0
24181091010000000000;2.4.1.8.10.9.1.01.00.00;201;0,00;0,00;0,00;0,00;0,00;0,00;0,00;0,00;0,00;185.225,05;0,00;0,00;185.225,05;0,00;0,00;0,00;0,00;0,00;0;1206
24181091020000000000;2.4.1.8.10.9.1.02.00.00;201;0,00;0,00;0,00;0,00;0,00;0,00;0,00;117.416,83;0,00;0,00;0,00;0,00;117.416,83;0,00;0,00;0,00;0,00;0,00;0;1207
24181091030000000000;2.4.1.8.10.9.1.03.00.00;201;0,00;0,00;0,00;0,00;49.170,00;0,00;0,00;0,00;0,00;0,00;0,00;0,00;0,00;0,00;0,00;0,00;0,00;0,00;0;1022
70000000000000000000;7.0.0.0.00.0.0.00.00.00;201;134.261,88;210.122,69;179.556,92;181.568,54;187.742,39;185.698,15;185.962,63;186.851,86;184.833,81;187.688,52;0,00;0,00;399.228,22;399.228,22;399.228,22;399.228,22;399.228,22;587.512,25;0;0
72000000000000000000;7.2.0.0.00.0.0.00.00.00;201;134.261,88;210.122,69;179.556,92;181.568,54;187.742,39;185.698,15;185.962,63;186.851,86;184.833,81;187.688,52;0,00;0,00;399.228,22;399.228,22;399.228,22;399.228,22;399.228,22;587.512,25;0;0
72100000000000000000;7.2.1.0.00.0.0.00.00.00;201;134.261,88;210.122,69;179.556,92;181.568,54;187.742,39;185.698,15;185.962,63;186.851,86;184.833,81;187.688,52;0,00;0,00;399.228,22;399.228,22;399.228,22;399.228,22;399.228,22;587.512,25;0;0
72180000000000000000;7.2.1.8.00.0.0.00.00.00;201;134.261,88;210.122,69;179.556,92;181.568,54;187.742,39;185.698,15;185.962,63;186.851,86;184.833,81;187.688,52;0,00;0,00;399.228,22;399.228,22;399.228,22;399.228,22;399.228,22;587.512,25;0;0
72180300000000000000;7.2.1.8.03.0.0.00.00.00;1201;0,00;210.122,69;179.556,92;181.568,54;187.742,39;185.698,15;185.962,63;186.851,86;184.833,81;187.688,52;0,00;0,00;376.540,00;376.540,00;376.540,00;376.540,00;376.540,00;564.824,00;0;0
72180310000000000000;7.2.1.8.03.1.0.00.00.00;1201;0,00;210.122,69;179.556,92;181.568,54;187.672,83;185.312,82;185.577,30;186.466,53;184.448,48;187.303,19;0,00;0,00;376.540,00;376.540,00;376.540,00;376.540,00;376.540,00;564.824,00;0;0
72180311000000000000;7.2.1.8.03.1.1.00.00.00;1201;0,00;210.122,69;179.556,92;181.568,54;187.672,83;185.312,82;185.577,30;186.466,53;184.448,48;187.303,19;0,00;0,00;376.540,00;376.540,00;376.540,00;376.540,00;376.540,00;564.824,00;0;0
72180311010000000000;7.2.1.8.03.1.1.01.00.00;1201;0,00;91.660,69;78.327,12;79.204,66;81.828,28;80.620,81;80.736,17;81.124,05;80.243,71;81.488,99;0,00;0,00;164.256,00;164.256,00;164.256,00;164.256,00;164.256,00;246.390,00;0;50
72180311020000000000;7.2.1.8.03.1.1.02.00.00;1201;0,00;118.462,00;101.229,80;102.363,88;105.844,55;104.692,01;104.841,13;105.342,48;104.204,77;105.814,20;0,00;0,00;212.284,00;212.284,00;212.284,00;212.284,00;212.284,00;318.434,00;0;50
72180330000000000000;7.2.1.8.03.3.0.00.00.00;201;0,00;0,00;0,00;0,00;69,56;385,33;385,33;385,33;385,33;385,33;0,00;0,00;0,00;0,00;0,00;0,00;0,00;0,00;0;0
72180331000000000000;7.2.1.8.03.3.1.00.00.00;1201;0,00;0,00;0,00;0,00;69,56;385,33;385,33;385,33;385,33;385,33;0,00;0,00;0,00;0,00;0,00;0,00;0,00;0,00;0;50
72180400000000000000;7.2.1.8.04.0.0.00.00.00;1201;134.261,88;0,00;0,00;0,00;0,00;0,00;0,00;0,00;0,00;0,00;0,00;0,00;22.688,22;22.688,22;22.688,22;22.688,22;22.688,22;22.688,25;0;0
72180410000000000000;7.2.1.8.04.1.0.00.00.00;1201;134.261,88;0,00;0,00;0,00;0,00;0,00;0,00;0,00;0,00;0,00;0,00;0,00;22.688,22;22.688,22;22.688,22;22.688,22;22.688,22;22.688,25;0;0
72180411000000000000;7.2.1.8.04.1.1.00.00.00;1201;134.261,88;0,00;0,00;0,00;0,00;0,00;0,00;0,00;0,00;0,00;0,00;0,00;22.688,22;22.688,22;22.688,22;22.688,22;22.688,22;22.688,25;0;50
90000000000000000000;9.0.0.0.0.00.0.0.00.00.00;201;-327.551,95;-300.585,86;-281.510,16;-342.168,05;-317.704,23;-319.024,64;-268.011,12;-306.876,36;-259.915,62;-288.675,61;0,00;0,00;-610.033,94;-604.044,53;-658.598,97;-537.793,57;-516.092,79;-723.953,92;0;0
91000000000000000000;9.1.0.0.0.00.0.0.00.00.00;201;-327.551,95;-300.585,86;-281.510,16;-342.168,05;-317.704,23;-319.024,64;-268.011,12;-306.876,36;-259.915,62;-288.675,61;0,00;0,00;-610.033,94;-604.044,53;-658.598,97;-537.793,57;-516.092,79;-723.953,92;0;0
91100000000000000000;9.1.1.0.0.00.0.0.00.00.00;201;-17.760,00;0,00;-6.542,31;-9.470,08;-17.584,93;-48.314,12;0,00;0,00;0,00;0,00;0,00;0,00;-148,63;-15.166,19;-49.685,18;0,00;0,00;0,00;0;0
91110000000000000000;9.1.1.1.0.00.0.0.00.00.00;201;-17.760,00;0,00;-6.542,31;-9.470,08;-17.584,93;-48.314,12;0,00;0,00;0,00;0,00;0,00;0,00;-148,63;-15.166,19;-49.685,18;0,00;0,00;0,00;0;0
91118000000000000000;9.1.1.1.8.00.0.0.00.00.00;201;-17.760,00;0,00;-6.542,31;-9.470,08;-17.584,93;-48.314,12;0,00;0,00;0,00;0,00;0,00;0,00;-148,63;-15.166,19;-49.685,18;0,00;0,00;0,00;0;0
91118010000000000000;9.1.1.1.8.01.0.0.00.00.00;201;-17.760,00;0,00;-6.542,31;-9.470,08;-17.584,93;-48.314,12;0,00;0,00;0,00;0,00;0,00;0,00;-148,63;-15.166,19;-49.685,18;0,00;0,00;0,00;0;0
91118011000000000000;9.1.1.1.8.01.1.0.00.00.00;201;0,00;0,00;-6.542,31;-9.470,08;-17.584,93;-41.876,12;0,00;0,00;0,00;0,00;0,00;0,00;-148,63;-15.166,19;-49.685,18;0,00;0,00;0,00;0;0
91118011100000000000;9.1.1.1.8.01.1.1.00.00.00;201;0,00;0,00;-6.542,31;-9.470,08;-17.584,93;-41.876,12;0,00;0,00;0,00;0,00;0,00;0,00;-148,63;-15.166,19;-49.685,18;0,00;0,00;0,00;0;0
91118011101000000000;9.1.1.1.8.01.1.1.01.00.00;201;0,00;0,00;-3.925,15;-5.681,81;-10.550,47;-25.125,08;0,00;0,00;0,00;0,00;0,00;0,00;-89,19;-9.099,72;-29.811,09;0,00;0,00;0,00;103;1
91118011102000000000;9.1.1.1.8.01.1.1.02.00.00;201;0,00;0,00;-1.635,76;-2.367,72;-4.396,58;-10.469,48;0,00;0,00;0,00;0,00;0,00;0,00;-37,15;-3.791,54;-12.421,31;0,00;0,00;0,00;103;20
91118011103000000000;9.1.1.1.8.01.1.1.03.00.00;201;0,00;0,00;-981,40;-1.420,55;-2.637,88;-6.281,56;0,00;0,00;0,00;0,00;0,00;0,00;-22,29;-2.274,93;-7.452,78;0,00;0,00;0,00;103;40
91118014000000000000;9.1.1.1.8.01.4.0.00.00.00;201;-17.760,00;0,00;0,00;0,00;0,00;-6.438,00;0,00;0,00;0,00;0,00;0,00;0,00;0,00;0,00;0,00;0,00;0,00;0,00;0;0
91118014100000000000;9.1.1.1.8.01.4.1.00.00.00;201;-17.760,00;0,00;0,00;0,00;0,00;-6.438,00;0,00;0,00;0,00;0,00;0,00;0,00;0,00;0,00;0,00;0,00;0,00;0,00;0;0
91118014101000000000;9.1.1.1.8.01.4.1.01.00.00;201;0,00;0,00;0,00;0,00;0,00;-3.862,80;0,00;0,00;0,00;0,00;0,00;0,00;0,00;0,00;0,00;0,00;0,00;0,00;108;1
91118014101000000000;9.1.1.1.8.01.4.1.01.00.00;201;-10.656,00;0,00;0,00;0,00;0,00;0,00;0,00;0,00;0,00;0,00;0,00;0,00;0,00;0,00;0,00;0,00;0,00;0,00;109;1
91118014102000000000;9.1.1.1.8.01.4.1.02.00.00;201;0,00;0,00;0,00;0,00;0,00;-1.609,50;0,00;0,00;0,00;0,00;0,00;0,00;0,00;0,00;0,00;0,00;0,00;0,00;108;20
91118014102000000000;9.1.1.1.8.01.4.1.02.00.00;201;-4.440,00;0,00;0,00;0,00;0,00;0,00;0,00;0,00;0,00;0,00;0,00;0,00;0,00;0,00;0,00;0,00;0,00;0,00;109;20
91118014103000000000;9.1.1.1.8.01.4.1.03.00.00;201;0,00;0,00;0,00;0,00;0,00;-965,70;0,00;0,00;0,00;0,00;0,00;0,00;0,00;0,00;0,00;0,00;0,00;0,00;108;40
91118014103000000000;9.1.1.1.8.01.4.1.03.00.00;201;-2.664,00;0,00;0,00;0,00;0,00;0,00;0,00;0,00;0,00;0,00;0,00;0,00;0,00;0,00;0,00;0,00;0,00;0,00;109;40
91300000000000000000;9.1.3.0.0.00.0.0.00.00.00;201;0,00;0,00;0,00;0,00;0,00;0,00;0,00;-47.883,91;0,00;0,00;0,00;0,00;0,00;0,00;0,00;0,00;0,00;0,00;0;0
91320000000000000000;9.1.3.2.0.00.0.0.00.00.00;201;0,00;0,00;0,00;0,00;0,00;0,00;0,00;-47.883,91;0,00;0,00;0,00;0,00;0,00;0,00;0,00;0,00;0,00;0,00;0;0
91321000000000000000;9.1.3.2.1.00.0.0.00.00.00;201;0,00;0,00;0,00;0,00;0,00;0,00;0,00;-47.883,91;0,00;0,00;0,00;0,00;0,00;0,00;0,00;0,00;0,00;0,00;0;0
91321004000000000000;9.1.3.2.1.00.4.0.00.00.00;201;0,00;0,00;0,00;0,00;0,00;0,00;0,00;-47.883,91;0,00;0,00;0,00;0,00;0,00;0,00;0,00;0,00;0,00;0,00;0;0
91321004100000000000;9.1.3.2.1.00.4.1.00.00.00;1201;0,00;0,00;0,00;0,00;0,00;0,00;0,00;-47.883,91;0,00;0,00;0,00;0,00;0,00;0,00;0,00;0,00;0,00;0,00;0;0
91321004101000000000;9.1.3.2.1.00.4.1.01.00.00;1201;0,00;0,00;0,00;0,00;0,00;0,00;0,00;-18.024,69;0,00;0,00;0,00;0,00;0,00;0,00;0,00;0,00;0,00;0,00;109;50
91321004102000000000;9.1.3.2.1.00.4.1.02.00.00;1201;0,00;0,00;0,00;0,00;0,00;0,00;0,00;-22.770,41;0,00;0,00;0,00;0,00;0,00;0,00;0,00;0,00;0,00;0,00;109;50
91321004103000000000;9.1.3.2.1.00.4.1.03.00.00;1201;0,00;0,00;0,00;0,00;0,00;0,00;0,00;-7.088,81;0,00;0,00;0,00;0,00;0,00;0,00;0,00;0,00;0,00;0,00;109;50
91700000000000000000;9.1.7.0.0.00.0.0.00.00.00;201;-309.791,95;-300.585,86;-274.967,85;-332.697,97;-300.119,30;-270.710,52;-268.011,12;-258.992,45;-259.915,62;-288.675,61;0,00;0,00;-609.885,31;-588.878,34;-608.913,79;-537.793,57;-516.092,79;-723.953,92;0;0
91710000000000000000;9.1.7.1.0.00.0.0.00.00.00;201;-155.252,15;-169.806,24;-127.098,30;-124.020,74;-159.235,76;-125.640,38;-103.102,83;-125.423,02;-115.492,37;-113.939,98;0,00;0,00;-336.413,99;-258.153,20;-319.827,12;-241.861,91;-244.523,91;-391.124,08;0;0
91718000000000000000;9.1.7.1.8.00.0.0.00.00.00;201;-155.252,15;-169.806,24;-127.098,30;-124.020,74;-159.235,76;-125.640,38;-103.102,83;-125.423,02;-115.492,37;-113.939,98;0,00;0,00;-336.413,99;-258.153,20;-319.827,12;-241.861,91;-244.523,91;-391.124,08;0;0
91718010000000000000;9.1.7.1.8.01.0.0.00.00.00;201;-155.252,15;-169.806,24;-127.098,30;-124.020,74;-159.235,76;-125.640,38;-103.102,83;-125.423,02;-115.492,37;-113.939,98;0,00;0,00;-334.749,13;-256.488,34;-318.162,26;-240.197,05;-242.859,05;-389.459,26;0;0
91718012000000000000;9.1.7.1.8.01.2.0.00.00.00;201;-154.536,32;-169.748,88;-127.098,30;-123.998,38;-159.130,32;-125.346,59;-103.093,16;-125.118,35;-111.373,78;-102.534,03;0,00;0,00;-334.453,92;-256.388,33;-317.354,69;-240.114,27;-233.501,43;-387.320,16;0;0
91718012100000000000;9.1.7.1.8.01.2.1.00.00.00;201;-154.536,32;-169.748,88;-127.098,30;-123.998,38;-159.130,32;-125.346,59;-103.093,16;-125.118,35;-111.373,78;-102.534,03;0,00;0,00;-334.453,92;-256.388,33;-317.354,69;-240.114,27;-233.501,43;-387.320,16;0;0
91718012104000000000;9.1.7.1.8.01.2.1.04.00.00;201;-154.536,32;-169.748,88;-127.098,30;-123.998,38;-159.130,32;-125.346,59;-103.093,16;-125.118,35;-111.373,78;-102.534,03;0,00;0,00;-334.453,92;-256.388,33;-317.354,69;-240.114,27;-233.501,43;-387.320,16;105;31
91718015000000000000;9.1.7.1.8.01.5.0.00.00.00;201;-715,83;-57,36;0,00;-22,36;-105,44;-293,79;-9,67;-304,67;-4.118,59;-11.405,95;0,00;0,00;-295,21;-100,01;-807,57;-82,78;-9.357,62;-2.139,10;0;0
91718015100000000000;9.1.7.1.8.01.5.1.00.00.00;201;-715,83;-57,36;0,00;-22,36;-105,44;-293,79;-9,67;-304,67;-4.118,59;-11.405,95;0,00;0,00;-295,21;-100,01;-807,57;-82,78;-9.357,62;-2.139,10;0;0
91718015104000000000;9.1.7.1.8.01.5.1.04.00.00;201;-715,83;-57,36;0,00;-22,36;-105,44;-293,79;-9,67;-304,67;-4.118,59;-11.405,95;0,00;0,00;-295,21;-100,01;-807,57;-82,78;-9.357,62;-2.139,10;105;31
91718060000000000000;9.1.7.1.8.06.0.0.00.00.00;201;0,00;0,00;0,00;0,00;0,00;0,00;0,00;0,00;0,00;0,00;0,00;0,00;-1.664,86;-1.664,86;-1.664,86;-1.664,86;-1.664,86;-1.664,82;0;0
91718061000000000000;9.1.7.1.8.06.1.0.00.00.00;201;0,00;0,00;0,00;0,00;0,00;0,00;0,00;0,00;0,00;0,00;0,00;0,00;-1.664,86;-1.664,86;-1.664,86;-1.664,86;-1.664,86;-1.664,82;0;0
91718061100000000000;9.1.7.1.8.06.1.1.00.00.00;201;0,00;0,00;0,00;0,00;0,00;0,00;0,00;0,00;0,00;0,00;0,00;0,00;-1.664,86;-1.664,86;-1.664,86;-1.664,86;-1.664,86;-1.664,82;0;0
91718061104000000000;9.1.7.1.8.06.1.1.04.00.00;201;0,00;0,00;0,00;0,00;0,00;0,00;0,00;0,00;0,00;0,00;0,00;0,00;-1.664,86;-1.664,86;-1.664,86;-1.664,86;-1.664,86;-1.664,82;105;31
91720000000000000000;9.1.7.2.0.00.0.0.00.00.00;201;-154.539,80;-130.779,62;-147.869,55;-208.677,23;-140.883,54;-145.070,14;-164.908,29;-133.569,43;-144.423,25;-174.735,63;0,00;0,00;-273.471,32;-330.725,14;-289.086,67;-295.931,66;-271.568,88;-332.829,84;0;0
91728000000000000000;9.1.7.2.8.00.0.0.00.00.00;201;-154.539,80;-130.779,62;-147.869,55;-208.677,23;-140.883,54;-145.070,14;-164.908,29;-133.569,43;-144.423,25;-174.735,63;0,00;0,00;-273.471,32;-330.725,14;-289.086,67;-295.931,66;-271.568,88;-332.829,84;0;0
91728010000000000000;9.1.7.2.8.01.0.0.00.00.00;201;-154.539,80;-130.779,62;-147.869,55;-208.677,23;-140.883,54;-145.070,14;-164.908,29;-133.569,43;-144.423,25;-174.735,63;0,00;0,00;-273.471,32;-330.725,14;-289.086,67;-295.931,66;-271.568,88;-332.829,84;0;0
91728011000000000000;9.1.7.2.8.01.1.0.00.00.00;201;-123.764,35;-122.029,31;-135.346,60;-171.874,97;-124.529,49;-138.401,63;-159.918,85;-128.472,48;-141.279,11;-170.963,19;0,00;0,00;-233.108,60;-276.731,65;-270.109,25;-287.560,67;-264.576,08;-315.388,38;0;0
91728011100000000000;9.1.7.2.8.01.1.1.00.00.00;201;-123.764,35;-122.029,31;-135.346,60;-171.874,97;-124.529,49;-138.401,63;-159.918,85;-128.472,48;-141.279,11;-170.963,19;0,00;0,00;-233.108,60;-276.731,65;-270.109,25;-287.560,67;-264.576,08;-315.388,38;0;0
91728011104000000000;9.1.7.2.8.01.1.1.04.00.00;201;-123.764,35;-122.029,31;-135.346,60;-171.874,97;-124.529,49;-138.401,63;-159.918,85;-128.472,48;-141.279,11;-170.963,19;0,00;0,00;-233.108,60;-276.731,65;-270.109,25;-287.560,67;-264.576,08;-315.388,38;105;31
91728012000000000000;9.1.7.2.8.01.2.0.00.00.00;201;-28.250,30;-6.853,49;-10.436,68;-34.433,32;-14.360,92;-4.493,88;-2.669,34;-3.191,22;-1.340,09;-770,94;0,00;0,00;-36.143,56;-49.774,33;-14.758,26;-4.151,83;-2.773,64;-13.222,26;0;0
91728012100000000000;9.1.7.2.8.01.2.1.00.00.00;201;-28.250,30;-6.853,49;-10.436,68;-34.433,32;-14.360,92;-4.493,88;-2.669,34;-3.191,22;-1.340,09;-770,94;0,00;0,00;-36.143,56;-49.774,33;-14.758,26;-4.151,83;-2.773,64;-13.222,26;0;0
91728012104000000000;9.1.7.2.8.01.2.1.04.00.00;201;-28.250,30;-6.853,49;-10.436,68;-34.433,32;-14.360,92;-4.493,88;-2.669,34;-3.191,22;-1.340,09;-770,94;0,00;0,00;-36.143,56;-49.774,33;-14.758,26;-4.151,83;-2.773,64;-13.222,26;105;31
91728013000000000000;9.1.7.2.8.01.3.0.00.00.00;201;-2.525,15;-1.896,82;-2.086,27;-2.368,94;-1.993,13;-2.174,63;-2.320,10;-1.905,73;-1.804,05;-3.001,50;0,00;0,00;-4.219,16;-4.219,16;-4.219,16;-4.219,16;-4.219,16;-4.219,20;0;0
91728013100000000000;9.1.7.2.8.01.3.1.00.00.00;201;-2.525,15;-1.896,82;-2.086,27;-2.368,94;-1.993,13;-2.174,63;-2.320,10;-1.905,73;-1.804,05;-3.001,50;0,00;0,00;-4.219,16;-4.219,16;-4.219,16;-4.219,16;-4.219,16;-4.219,20;0;0
91728013104000000000;9.1.7.2.8.01.3.1.04.00.00;201;-2.525,15;-1.896,82;-2.086,27;-2.368,94;-1.993,13;-2.174,63;-2.320,10;-1.905,73;-1.804,05;-3.001,50;0,00;0,00;-4.219,16;-4.219,16;-4.219,16;-4.219,16;-4.219,16;-4.219,20;105;31
